x	y	clickSelects	showSelected1
0.00987563371216016	1	1	log2(tiles)=2.00 log10(pixels)=3.00
-0.105198222837289	1	2	log2(tiles)=2.00 log10(pixels)=3.50
-0.0900668766687054	1	3	log2(tiles)=1.00 log10(pixels)=2.50
0.0101962294551341	1	4	log2(tiles)=2.50 log10(pixels)=3.75
0.0281512503836434	1	5	log2(tiles)=1.00 log10(pixels)=2.75
0.0947851226326608	1	6	log2(tiles)=1.50 log10(pixels)=3.25
0.0519239160461065	1	7	log2(tiles)=2.00 log10(pixels)=3.00
0.0916669575956846	1	8	log2(tiles)=1.50 log10(pixels)=3.00
-0.0568754016455384	1	9	log2(tiles)=0.00 log10(pixels)=2.25
-0.0268721464003014	1	10	log2(tiles)=0.00 log10(pixels)=2.00
-0.092059944035233	1	11	log2(tiles)=3.75 log10(pixels)=4.25
0.113611979892144	1	12	log2(tiles)=1.50 log10(pixels)=2.25
-0.0079308876610602	1	13	log2(tiles)=3.25 log10(pixels)=4.25
0.0692980121155293	1	14	log2(tiles)=2.00 log10(pixels)=3.00
0.109076226059263	1	15	log2(tiles)=1.50 log10(pixels)=3.25
0.0563025007672873	1	16	log2(tiles)=0.00 log10(pixels)=1.50
-0.119572124974976	1	17	log2(tiles)=1.50 log10(pixels)=2.75
0.0538830266438746	1	18	log2(tiles)=1.00 log10(pixels)=2.50
-0.0316526695878427	1	19	log2(tiles)=0.00 log10(pixels)=2.50
-0.119788758288394	1	20	log2(tiles)=1.00 log10(pixels)=1.50
0.0996659840966299	1	21	log2(tiles)=2.00 log10(pixels)=3.25
0.0827853703164498	1	22	log2(tiles)=2.00 log10(pixels)=2.00
0.00514997831990605	1	23	log2(tiles)=0.00 log10(pixels)=1.50
-0.0677646430974357	1	24	log2(tiles)=2.00 log10(pixels)=3.75
-0.0457574905606752	1	25	log2(tiles)=0.00 log10(pixels)=2.00
-0.00758911941950746	1	26	log2(tiles)=2.75 log10(pixels)=3.75
-0.0850266520291823	1	27	log2(tiles)=1.00 log10(pixels)=2.50
-0.103204311221531	1	28	log2(tiles)=2.50 log10(pixels)=3.75
0.0728216453031045	1	29	log2(tiles)=0.00 log10(pixels)=2.75
-0.0598039199714862	1	30	log2(tiles)=2.00 log10(pixels)=2.75
-0.117441485467328	1	31	log2(tiles)=2.25 log10(pixels)=3.75
0.0326159320316033	1	32	log2(tiles)=3.00 log10(pixels)=3.75
-0.121602099051862	1	33	log2(tiles)=1.00 log10(pixels)=2.50
-0.0199966284162536	1	34	log2(tiles)=0.00 log10(pixels)=3.00
0.0629133566428555	1	35	log2(tiles)=0.00 log10(pixels)=1.75
0.0636563466180316	1	36	log2(tiles)=2.00 log10(pixels)=3.25
0.0166155475571772	1	37	log2(tiles)=0.00 log10(pixels)=3.00
0.118048096712092	1	38	log2(tiles)=1.50 log10(pixels)=2.50
0.0333012287035497	1	39	log2(tiles)=0.00 log10(pixels)=2.25
-0.0673000966639572	1	40	log2(tiles)=2.00 log10(pixels)=3.25
-0.100665141287858	1	41	log2(tiles)=2.25 log10(pixels)=3.75
0.0791812460476249	1	42	log2(tiles)=1.00 log10(pixels)=1.00
-0.0545183235098024	1	43	log2(tiles)=2.00 log10(pixels)=2.75
-0.0757207139381184	1	44	log2(tiles)=0.00 log10(pixels)=3.00
0.00514997831990605	2	45	log2(tiles)=0.00 log10(pixels)=1.50
0.0910646070264991	1	46	log2(tiles)=0.00 log10(pixels)=1.50
0.0856905714924254	1	47	log2(tiles)=1.50 log10(pixels)=2.75
0.111727836017593	1	48	log2(tiles)=0.00 log10(pixels)=1.25
-0.0568754016455384	2	49	log2(tiles)=0.00 log10(pixels)=2.25
0.100370545117563	1	50	log2(tiles)=1.00 log10(pixels)=2.00
0.0510299956639813	1	51	log2(tiles)=0.00 log10(pixels)=1.25
-0.0823873272724698	1	52	log2(tiles)=2.00 log10(pixels)=3.25
0.0888490907372552	1	53	log2(tiles)=1.00 log10(pixels)=2.75
-0.0176062401770314	1	54	log2(tiles)=0.00 log10(pixels)=1.75
-0.113512103646634	1	55	log2(tiles)=1.00 log10(pixels)=2.75
-0.0827571420925337	1	56	log2(tiles)=2.50 log10(pixels)=4.00
0.0587085705331658	1	57	log2(tiles)=1.00 log10(pixels)=2.50
-0.0919886033428874	1	58	log2(tiles)=2.00 log10(pixels)=2.75
0.00432137378264263	1	59	log2(tiles)=0.00 log10(pixels)=2.00
0.0910646070264991	2	60	log2(tiles)=0.00 log10(pixels)=1.50
0.100248018334163	1	61	log2(tiles)=1.00 log10(pixels)=2.25
0.0797835966168101	1	62	log2(tiles)=0.00 log10(pixels)=1.50
0.110589710299249	1	63	log2(tiles)=0.00 log10(pixels)=2.00
0.0440680443502757	1	64	log2(tiles)=0.00 log10(pixels)=1.50
-0.0592724561296332	1	65	log2(tiles)=2.25 log10(pixels)=3.75
0.0695439355418688	1	66	log2(tiles)=0.00 log10(pixels)=1.75
-0.00863830616572736	1	67	log2(tiles)=0.00 log10(pixels)=2.50
0.0250448070368452	1	68	log2(tiles)=0.00 log10(pixels)=2.50
-0.0615801779972895	1	69	log2(tiles)=1.00 log10(pixels)=2.75
0.0352941200427703	1	70	log2(tiles)=1.00 log10(pixels)=2.50
0.1026394836913	1	71	log2(tiles)=3.75 log10(pixels)=4.00
-0.070070439915412	1	72	log2(tiles)=1.50 log10(pixels)=3.00
-0.103914914576715	1	73	log2(tiles)=2.75 log10(pixels)=4.00
0.00527250510330601	1	74	log2(tiles)=0.00 log10(pixels)=1.25
0.10336092434838	1	75	log2(tiles)=2.00 log10(pixels)=3.50
0.119231719730976	1	76	log2(tiles)=0.00 log10(pixels)=1.75
-0.0861861476162833	1	77	log2(tiles)=2.00 log10(pixels)=2.00
-0.0457574905606751	1	78	log2(tiles)=0.00 log10(pixels)=1.00
0.00285303097989331	1	79	log2(tiles)=1.00 log10(pixels)=2.25
0.0263392773898441	1	80	log2(tiles)=0.00 log10(pixels)=2.50
-0.0339966563652008	1	81	log2(tiles)=1.00 log10(pixels)=1.75
-0.116141874796665	1	82	log2(tiles)=1.50 log10(pixels)=3.25
-0.118381335650875	1	83	log2(tiles)=2.00 log10(pixels)=3.25
-0.113509274827518	1	84	log2(tiles)=0.00 log10(pixels)=2.00
0.0520892578817325	1	85	log2(tiles)=0.00 log10(pixels)=2.75
-0.0528419686577808	1	86	log2(tiles)=0.00 log10(pixels)=1.50
-0.0622494371796121	1	87	log2(tiles)=1.00 log10(pixels)=2.50
0.0102999566398121	1	88	log2(tiles)=1.50 log10(pixels)=3.00
-0.0751388592621884	1	89	log2(tiles)=1.00 log10(pixels)=2.75
-0.0739087409443187	1	90	log2(tiles)=0.00 log10(pixels)=1.25
0.107934847000454	1	91	log2(tiles)=0.00 log10(pixels)=2.25
0.0681858617461617	1	92	log2(tiles)=0.00 log10(pixels)=2.00
-0.00181197299379954	1	93	log2(tiles)=0.00 log10(pixels)=1.75
0.102059991327963	1	94	log2(tiles)=1.00 log10(pixels)=1.50
-0.0757207139381184	1	95	log2(tiles)=0.00 log10(pixels)=2.00
0.0500293592441343	1	96	log2(tiles)=1.00 log10(pixels)=2.75
-0.103871964321762	1	97	log2(tiles)=0.00 log10(pixels)=1.25
0.00432137378264263	2	98	log2(tiles)=0.00 log10(pixels)=2.00
0.0281512503836436	1	99	log2(tiles)=0.00 log10(pixels)=1.75
0.0510299956639812	1	100	log2(tiles)=0.00 log10(pixels)=0.25
-0.0228787452803376	1	101	log2(tiles)=0.00 log10(pixels)=1.50
-0.00863830616572736	1	102	log2(tiles)=0.00 log10(pixels)=1.50
-0.0969100130080565	1	103	log2(tiles)=0.00 log10(pixels)=1.00
0.111727836017593	2	104	log2(tiles)=0.00 log10(pixels)=1.25
-0.0128616245228135	1	105	log2(tiles)=1.00 log10(pixels)=2.50
-0.0867160982395814	1	106	log2(tiles)=1.50 log10(pixels)=3.00
0.0924226808222062	1	107	log2(tiles)=0.00 log10(pixels)=1.25
-0.0228787452803376	2	108	log2(tiles)=0.00 log10(pixels)=1.50
-0.103871964321762	2	109	log2(tiles)=0.00 log10(pixels)=1.25
0.0575350280688531	1	110	log2(tiles)=1.00 log10(pixels)=2.75
0.0882192219076257	1	111	log2(tiles)=0.00 log10(pixels)=2.75
-0.0969100130080565	2	112	log2(tiles)=0.00 log10(pixels)=1.00
0.0440680443502757	2	113	log2(tiles)=0.00 log10(pixels)=1.50
-0.0653085691824011	1	114	log2(tiles)=1.00 log10(pixels)=2.25
-0.0331622767004753	1	115	log2(tiles)=2.00 log10(pixels)=2.75
-0.0458800173440752	1	116	log2(tiles)=0.00 log10(pixels)=1.25
-0.0457574905606752	2	117	log2(tiles)=0.00 log10(pixels)=2.00
0.0888490907372552	1	118	log2(tiles)=0.00 log10(pixels)=1.75
-0.0654310959658013	1	119	log2(tiles)=1.00 log10(pixels)=2.50
-0.0915149811213503	1	120	log2(tiles)=0.00 log10(pixels)=2.00
0.00527250510330601	1	121	log2(tiles)=1.00 log10(pixels)=1.25
0.0433622780211294	1	122	log2(tiles)=2.00 log10(pixels)=3.00
-0.0785660990569919	1	123	log2(tiles)=2.25 log10(pixels)=3.25
0.0637183399656776	1	124	log2(tiles)=2.25 log10(pixels)=3.50
-0.119788758288394	1	125	log2(tiles)=0.00 log10(pixels)=1.50
0.100248018334163	2	126	log2(tiles)=1.00 log10(pixels)=2.25
0.0185139398778875	1	127	log2(tiles)=0.00 log10(pixels)=1.50
-0.0195510786217261	1	128	log2(tiles)=0.00 log10(pixels)=1.25
0.0526682161121932	1	129	log2(tiles)=1.00 log10(pixels)=2.50
-0.024905478918531	1	130	log2(tiles)=1.00 log10(pixels)=2.75
-0.0458800173440752	1	131	log2(tiles)=1.00 log10(pixels)=1.25
-0.0510299956639812	1	132	log2(tiles)=0.00 log10(pixels)=0.75
0.0342272607705505	1	133	log2(tiles)=2.00 log10(pixels)=3.00
-0.103871964321762	3	134	log2(tiles)=0.00 log10(pixels)=1.25
-0.0969100130080565	3	135	log2(tiles)=0.00 log10(pixels)=1.00
-0.071865205971211	1	136	log2(tiles)=1.00 log10(pixels)=2.50
0.00860017176191752	1	137	log2(tiles)=1.00 log10(pixels)=2.00
0.111727836017593	3	138	log2(tiles)=0.00 log10(pixels)=1.25
0.0499429000227671	1	139	log2(tiles)=2.00 log10(pixels)=3.25
-0.106985199745905	1	140	log2(tiles)=1.00 log10(pixels)=2.25
0.0899051114393981	1	141	log2(tiles)=0.00 log10(pixels)=2.00
-0.0654310959658013	2	142	log2(tiles)=1.00 log10(pixels)=2.50
0.0124510897304293	1	143	log2(tiles)=1.00 log10(pixels)=2.25
0.0253058652647704	1	144	log2(tiles)=0.00 log10(pixels)=2.00
0.0863598306747484	1	145	log2(tiles)=1.00 log10(pixels)=3.00
-0.0457574905606751	2	146	log2(tiles)=0.00 log10(pixels)=1.00
0.0124510897304293	2	147	log2(tiles)=1.00 log10(pixels)=2.25
0.121067862271736	1	148	log2(tiles)=2.00 log10(pixels)=2.25
0.101258348719075	1	149	log2(tiles)=0.00 log10(pixels)=1.75
-0.000434511774017654	1	150	log2(tiles)=2.00 log10(pixels)=3.00
-0.0528419686577808	1	151	log2(tiles)=1.00 log10(pixels)=1.50
-0.0228787452803376	1	152	log2(tiles)=0.00 log10(pixels)=0.50
0.0924226808222062	2	153	log2(tiles)=0.00 log10(pixels)=1.25
0.0413926851582249	1	154	log2(tiles)=1.50 log10(pixels)=2.00
0.111727836017593	4	155	log2(tiles)=0.00 log10(pixels)=1.25
-0.0596683018297086	1	156	log2(tiles)=1.00 log10(pixels)=2.25
-0.0686362358410126	1	157	log2(tiles)=0.00 log10(pixels)=1.50
0.0281512503836436	2	158	log2(tiles)=0.00 log10(pixels)=1.75
0.0281512503836436	1	159	log2(tiles)=0.00 log10(pixels)=0.75
0.0413926851582249	1	160	log2(tiles)=0.00 log10(pixels)=1.00
-0.0705810742857072	1	161	log2(tiles)=0.00 log10(pixels)=2.00
-0.116531544420413	1	162	log2(tiles)=0.00 log10(pixels)=1.75
-0.00963731050575611	1	163	log2(tiles)=0.00 log10(pixels)=1.75
-0.0739087409443187	2	164	log2(tiles)=0.00 log10(pixels)=1.25
-0.0513429130455774	1	165	log2(tiles)=0.00 log10(pixels)=2.25
0.0195316845312554	1	166	log2(tiles)=2.00 log10(pixels)=3.00
-0.122895201635192	1	167	log2(tiles)=1.00 log10(pixels)=2.25
0.102059991327962	1	168	log2(tiles)=0.00 log10(pixels)=0.50
-0.00963731050575611	2	169	log2(tiles)=0.00 log10(pixels)=1.75
-0.0752040042020878	1	170	log2(tiles)=1.00 log10(pixels)=3.00
-0.0458800173440752	2	171	log2(tiles)=0.00 log10(pixels)=1.25
-0.00863830616572736	2	172	log2(tiles)=0.00 log10(pixels)=1.50
-0.0642582613977365	1	173	log2(tiles)=1.00 log10(pixels)=2.75
0.0860037056183818	1	174	log2(tiles)=2.00 log10(pixels)=3.00
0.0791812460476249	1	175	log2(tiles)=0.00 log10(pixels)=1.00
-0.0195510786217261	2	176	log2(tiles)=0.00 log10(pixels)=1.25
0.0400346113625178	1	177	log2(tiles)=1.00 log10(pixels)=2.25
-0.0132282657337552	1	178	log2(tiles)=1.00 log10(pixels)=2.00
0.0423916894982539	1	179	log2(tiles)=0.00 log10(pixels)=1.75
-0.0228787452803376	2	180	log2(tiles)=0.00 log10(pixels)=0.50
-0.0687587626244128	1	181	log2(tiles)=0.00 log10(pixels)=1.75
0.111727836017593	5	182	log2(tiles)=0.00 log10(pixels)=1.25
0.00527250510330601	2	183	log2(tiles)=0.00 log10(pixels)=1.25
0.0924226808222062	1	184	log2(tiles)=1.00 log10(pixels)=1.25
-0.00963731050575611	3	185	log2(tiles)=0.00 log10(pixels)=1.75
0.0493405494535817	1	186	log2(tiles)=0.00 log10(pixels)=1.75
-0.0528419686577808	2	187	log2(tiles)=0.00 log10(pixels)=1.50
0.102059991327962	2	188	log2(tiles)=0.00 log10(pixels)=0.50
0	1	189	log2(tiles)=0.00 log10(pixels)=1.00
0.102059991327962	3	190	log2(tiles)=0.00 log10(pixels)=0.50
-0.102059991327962	1	191	log2(tiles)=0.00 log10(pixels)=1.50
0.102059991327963	2	192	log2(tiles)=1.00 log10(pixels)=1.50
0.0791812460476249	2	193	log2(tiles)=0.00 log10(pixels)=1.00
-0.0376020021010439	1	194	log2(tiles)=0.00 log10(pixels)=1.50
-0.0257837359237447	1	195	log2(tiles)=0.00 log10(pixels)=2.50
0.0287536009528289	1	196	log2(tiles)=0.00 log10(pixels)=2.25
0.0791812460476249	3	197	log2(tiles)=0.00 log10(pixels)=1.00
0.0561799739838871	1	198	log2(tiles)=0.00 log10(pixels)=1.75
0.0440680443502757	3	199	log2(tiles)=0.00 log10(pixels)=1.50
0.0281512503836436	1	200	log2(tiles)=1.00 log10(pixels)=0.75
0.0287536009528289	1	201	log2(tiles)=0.00 log10(pixels)=1.25
-0.0856471442155629	1	202	log2(tiles)=0.00 log10(pixels)=2.25
-0.0195510786217261	3	203	log2(tiles)=0.00 log10(pixels)=1.25
0.0510299956639812	2	204	log2(tiles)=0.00 log10(pixels)=0.25
0.0413926851582249	2	205	log2(tiles)=0.00 log10(pixels)=1.00
0.0493405494535817	1	206	log2(tiles)=1.00 log10(pixels)=1.75
-0.0228787452803376	3	207	log2(tiles)=0.00 log10(pixels)=0.50
0.0413926851582249	1	208	log2(tiles)=1.00 log10(pixels)=2.00
0.075546961392531	1	209	log2(tiles)=1.00 log10(pixels)=2.00
0.0791812460476247	1	210	log2(tiles)=0.00 log10(pixels)=2.00
0.0695439355418688	2	211	log2(tiles)=0.00 log10(pixels)=1.75
-0.0896089015975328	1	212	log2(tiles)=2.50 log10(pixels)=3.75
0.0281512503836436	2	213	log2(tiles)=0.00 log10(pixels)=0.75
0.0413926851582249	1	214	log2(tiles)=1.00 log10(pixels)=1.00
-0.103871964321762	4	215	log2(tiles)=0.00 log10(pixels)=1.25
-0.103871964321762	5	216	log2(tiles)=0.00 log10(pixels)=1.25
0.0281512503836436	3	217	log2(tiles)=0.00 log10(pixels)=0.75
0.111727836017593	6	218	log2(tiles)=0.00 log10(pixels)=1.25
-0.0228787452803376	4	219	log2(tiles)=0.00 log10(pixels)=0.50
0.0440680443502757	4	220	log2(tiles)=0.00 log10(pixels)=1.50
-0.0195510786217261	1	221	log2(tiles)=1.00 log10(pixels)=1.25
-0.0228787452803376	1	222	log2(tiles)=1.00 log10(pixels)=1.50
-0.0969100130080565	1	223	log2(tiles)=1.00 log10(pixels)=1.00
0.0413926851582249	3	224	log2(tiles)=0.00 log10(pixels)=1.00
0.0413926851582249	4	225	log2(tiles)=0.00 log10(pixels)=1.00
-0.0969100130080565	4	226	log2(tiles)=0.00 log10(pixels)=1.00
-0.0510299956639812	2	227	log2(tiles)=0.00 log10(pixels)=0.75
0.0466651902615309	1	228	log2(tiles)=0.00 log10(pixels)=2.25
-0.0234581909725713	1	229	log2(tiles)=2.50 log10(pixels)=3.50
0.0171958979499744	1	230	log2(tiles)=1.00 log10(pixels)=2.50
-0.0528419686577808	3	231	log2(tiles)=0.00 log10(pixels)=1.50
-0.0376020021010439	2	232	log2(tiles)=0.00 log10(pixels)=1.50
-0.0757207139381184	1	233	log2(tiles)=1.00 log10(pixels)=2.00
-0.0969100130080565	5	234	log2(tiles)=0.00 log10(pixels)=1.00
-0.094861565188618	1	235	log2(tiles)=0.00 log10(pixels)=2.75
0.0287536009528289	1	236	log2(tiles)=1.00 log10(pixels)=1.25
-0.0704482088348124	1	237	log2(tiles)=2.00 log10(pixels)=3.25
0.0440680443502757	5	238	log2(tiles)=0.00 log10(pixels)=1.50
0.0797835966168101	1	239	log2(tiles)=1.00 log10(pixels)=1.50
-0.0228787452803376	5	240	log2(tiles)=0.00 log10(pixels)=0.50
-0.0967874862246563	1	241	log2(tiles)=0.00 log10(pixels)=1.75
0.00432137378264263	3	242	log2(tiles)=0.00 log10(pixels)=2.00
-0.0686362358410126	2	243	log2(tiles)=0.00 log10(pixels)=1.50
-0.0861861476162833	1	244	log2(tiles)=0.00 log10(pixels)=2.00
-0.0739087409443187	3	245	log2(tiles)=0.00 log10(pixels)=1.25
0.122214022966295	1	246	log2(tiles)=2.00 log10(pixels)=2.50
-0.0528419686577806	1	247	log2(tiles)=0.00 log10(pixels)=2.50
-0.0176062401770314	2	248	log2(tiles)=0.00 log10(pixels)=1.75
0.0281512503836436	3	249	log2(tiles)=0.00 log10(pixels)=1.75
0.0791812460476249	4	250	log2(tiles)=0.00 log10(pixels)=1.00
0.102059991327962	4	251	log2(tiles)=0.00 log10(pixels)=0.50
0.0950980400142568	1	252	log2(tiles)=0.00 log10(pixels)=0.75
0.0924226808222062	3	253	log2(tiles)=0.00 log10(pixels)=1.25
-0.030177984021837	1	254	log2(tiles)=1.00 log10(pixels)=2.50
-0.103871964321762	6	255	log2(tiles)=0.00 log10(pixels)=1.25
0.0281512503836436	4	256	log2(tiles)=0.00 log10(pixels)=0.75
-0.0969100130080565	6	257	log2(tiles)=0.00 log10(pixels)=1.00
-0.0969100130080565	7	258	log2(tiles)=0.00 log10(pixels)=1.00
0.0722192947339193	1	259	log2(tiles)=0.00 log10(pixels)=1.25
0.0287536009528289	2	260	log2(tiles)=0.00 log10(pixels)=1.25
0.0950980400142568	2	261	log2(tiles)=0.00 log10(pixels)=0.75
0	2	262	log2(tiles)=0.00 log10(pixels)=1.00
-0.103871964321762	7	263	log2(tiles)=0.00 log10(pixels)=1.25
-0.0457574905606751	3	264	log2(tiles)=0.00 log10(pixels)=1.00
0.0791812460476249	5	265	log2(tiles)=0.00 log10(pixels)=1.00
-0.00863830616572736	3	266	log2(tiles)=0.00 log10(pixels)=1.50
0.111727836017593	7	267	log2(tiles)=0.00 log10(pixels)=1.25
0.0353298350107671	1	268	log2(tiles)=0.00 log10(pixels)=1.75
0.102059991327962	5	269	log2(tiles)=0.00 log10(pixels)=0.50
-0.0222763947111522	1	270	log2(tiles)=0.00 log10(pixels)=2.00
-0.0458800173440752	3	271	log2(tiles)=0.00 log10(pixels)=1.25
-0.1249387366083	1	272	log2(tiles)=1.00 log10(pixels)=2.00
0.111727836017593	8	273	log2(tiles)=0.00 log10(pixels)=1.25
0.0287536009528289	2	274	log2(tiles)=0.00 log10(pixels)=2.25
0.0281512503836436	5	275	log2(tiles)=0.00 log10(pixels)=0.75
0.113943352306837	1	276	log2(tiles)=0.00 log10(pixels)=1.00
-0.0176062401770314	1	277	log2(tiles)=1.00 log10(pixels)=1.75
-0.103871964321762	8	278	log2(tiles)=0.00 log10(pixels)=1.25
-0.0598039199714864	1	279	log2(tiles)=1.00 log10(pixels)=1.75
-0.103871964321762	9	280	log2(tiles)=0.00 log10(pixels)=1.25
-0.116531544420413	2	281	log2(tiles)=0.00 log10(pixels)=1.75
-0.0458800173440752	4	282	log2(tiles)=0.00 log10(pixels)=1.25
0.0281512503836436	6	283	log2(tiles)=0.00 log10(pixels)=0.75
-0.0376020021010439	1	284	log2(tiles)=1.00 log10(pixels)=1.50
-0.0144715530924513	1	285	log2(tiles)=1.00 log10(pixels)=2.25
0.0950980400142568	3	286	log2(tiles)=0.00 log10(pixels)=0.75
-0.0228787452803376	6	287	log2(tiles)=0.00 log10(pixels)=0.50
0.0950980400142568	4	288	log2(tiles)=0.00 log10(pixels)=0.75
-0.0144715530924513	1	289	log2(tiles)=0.00 log10(pixels)=2.25
0.0510299956639812	3	290	log2(tiles)=0.00 log10(pixels)=0.25
-0.0228787452803376	7	291	log2(tiles)=0.00 log10(pixels)=0.50
-0.0228787452803376	8	292	log2(tiles)=0.00 log10(pixels)=0.50
0.0281512503836436	7	293	log2(tiles)=0.00 log10(pixels)=0.75
-0.0967874862246563	2	294	log2(tiles)=0.00 log10(pixels)=1.75
-0.0555173278498313	1	295	log2(tiles)=0.00 log10(pixels)=2.00
-0.0152001704111528	1	296	log2(tiles)=0.00 log10(pixels)=2.75
-0.0687587626244128	1	297	log2(tiles)=1.50 log10(pixels)=1.75
-0.0457574905606751	4	298	log2(tiles)=0.00 log10(pixels)=1.00
0.0629133566428555	1	299	log2(tiles)=1.00 log10(pixels)=1.75
0.12057393120585	1	300	log2(tiles)=1.50 log10(pixels)=2.00
-0.085026652029182	1	301	log2(tiles)=1.00 log10(pixels)=1.50
-0.0969100130080565	8	302	log2(tiles)=0.00 log10(pixels)=1.00
0.00527250510330601	3	303	log2(tiles)=0.00 log10(pixels)=1.25
0	3	304	log2(tiles)=0.00 log10(pixels)=1.00
0.0950980400142568	5	305	log2(tiles)=0.00 log10(pixels)=0.75
-0.103871964321762	10	306	log2(tiles)=0.00 log10(pixels)=1.25
0.0934216851622351	1	307	log2(tiles)=0.00 log10(pixels)=2.00
0.0374264979406238	1	308	log2(tiles)=0.00 log10(pixels)=2.00
0.0413926851582249	2	309	log2(tiles)=1.00 log10(pixels)=1.00
0.0413926851582249	5	310	log2(tiles)=0.00 log10(pixels)=1.00
0.00527250510330601	4	311	log2(tiles)=0.00 log10(pixels)=1.25
-0.0739087409443187	4	312	log2(tiles)=0.00 log10(pixels)=1.25
0.102059991327962	6	313	log2(tiles)=0.00 log10(pixels)=0.50
0.0281512503836436	8	314	log2(tiles)=0.00 log10(pixels)=0.75
0.0510299956639812	4	315	log2(tiles)=0.00 log10(pixels)=0.25
0.0924226808222062	4	316	log2(tiles)=0.00 log10(pixels)=1.25
-0.0458800173440752	5	317	log2(tiles)=0.00 log10(pixels)=1.25
0.102059991327962	7	318	log2(tiles)=0.00 log10(pixels)=0.50
-0.0739087409443187	5	319	log2(tiles)=0.00 log10(pixels)=1.25
0.0510299956639812	5	320	log2(tiles)=0.00 log10(pixels)=0.25
0.107209969647868	1	321	log2(tiles)=1.00 log10(pixels)=2.00
0.0783796034387376	1	322	log2(tiles)=1.00 log10(pixels)=2.25
-0.0486028756795487	1	323	log2(tiles)=0.00 log10(pixels)=2.25
-0.0424298239020637	1	324	log2(tiles)=1.00 log10(pixels)=1.75
0.0561799739838871	2	325	log2(tiles)=0.00 log10(pixels)=1.75
-0.0376020021010439	2	326	log2(tiles)=1.00 log10(pixels)=1.50
-0.0680338852718272	1	327	log2(tiles)=1.00 log10(pixels)=3.00
-0.0457574905606751	5	328	log2(tiles)=0.00 log10(pixels)=1.00
0.0510299956639812	6	329	log2(tiles)=0.00 log10(pixels)=0.25
0.0510299956639812	7	330	log2(tiles)=0.00 log10(pixels)=0.25
-0.0510299956639812	3	331	log2(tiles)=0.00 log10(pixels)=0.75
0.102059991327962	8	332	log2(tiles)=0.00 log10(pixels)=0.50
0.0510299956639812	8	333	log2(tiles)=0.00 log10(pixels)=0.25
0	4	334	log2(tiles)=0.00 log10(pixels)=1.00
-0.00863830616572736	4	335	log2(tiles)=0.00 log10(pixels)=1.50
0.0281512503836436	9	336	log2(tiles)=0.00 log10(pixels)=0.75
0.0950980400142568	6	337	log2(tiles)=0.00 log10(pixels)=0.75
0.102059991327962	9	338	log2(tiles)=0.00 log10(pixels)=0.50
-0.0457574905606751	6	339	log2(tiles)=0.00 log10(pixels)=1.00
0.0281512503836436	10	340	log2(tiles)=0.00 log10(pixels)=0.75
0.102059991327962	10	341	log2(tiles)=0.00 log10(pixels)=0.50
-0.085026652029182	2	342	log2(tiles)=1.00 log10(pixels)=1.50
0.0281512503836436	11	343	log2(tiles)=0.00 log10(pixels)=0.75
-0.0458800173440752	6	344	log2(tiles)=0.00 log10(pixels)=1.25
-0.0969100130080565	9	345	log2(tiles)=0.00 log10(pixels)=1.00
0.0791812460476249	6	346	log2(tiles)=0.00 log10(pixels)=1.00
0.110589710299249	1	347	log2(tiles)=1.00 log10(pixels)=2.00
-0.119788758288394	2	348	log2(tiles)=0.00 log10(pixels)=1.50
-0.103871964321762	11	349	log2(tiles)=0.00 log10(pixels)=1.25
0.0791812460476249	7	350	log2(tiles)=0.00 log10(pixels)=1.00
0.0281512503836436	12	351	log2(tiles)=0.00 log10(pixels)=0.75
-0.0528419686577808	4	352	log2(tiles)=0.00 log10(pixels)=1.50
0.111727836017593	9	353	log2(tiles)=0.00 log10(pixels)=1.25
0.0695439355418688	3	354	log2(tiles)=0.00 log10(pixels)=1.75
0.117355921026019	1	355	log2(tiles)=0.00 log10(pixels)=2.25
0.0950980400142568	7	356	log2(tiles)=0.00 log10(pixels)=0.75
-0.0257241303992108	1	357	log2(tiles)=0.00 log10(pixels)=1.75
0.0510299956639812	9	358	log2(tiles)=0.00 log10(pixels)=0.25
0	5	359	log2(tiles)=0.00 log10(pixels)=1.00
0.113943352306837	2	360	log2(tiles)=0.00 log10(pixels)=1.00
0.0413926851582249	6	361	log2(tiles)=0.00 log10(pixels)=1.00
-0.0458800173440752	7	362	log2(tiles)=0.00 log10(pixels)=1.25
-0.0195510786217261	4	363	log2(tiles)=0.00 log10(pixels)=1.25
0.0510299956639812	10	364	log2(tiles)=0.00 log10(pixels)=0.25
-0.0228787452803376	9	365	log2(tiles)=0.00 log10(pixels)=0.50
0	1	366	log2(tiles)=0.00 log10(pixels)=0.00
-0.00863830616572736	5	367	log2(tiles)=0.00 log10(pixels)=1.50
-0.0510299956639812	4	368	log2(tiles)=0.00 log10(pixels)=0.75
0.102059991327962	11	369	log2(tiles)=0.00 log10(pixels)=0.50
-0.0228787452803376	10	370	log2(tiles)=0.00 log10(pixels)=0.50
-0.103871964321762	1	371	log2(tiles)=1.00 log10(pixels)=2.25
0.102059991327963	1	372	log2(tiles)=0.00 log10(pixels)=1.50
0.0510299956639812	11	373	log2(tiles)=0.00 log10(pixels)=0.25
0.0510299956639813	2	374	log2(tiles)=0.00 log10(pixels)=1.25
0.0950980400142568	8	375	log2(tiles)=0.00 log10(pixels)=0.75
-0.0457574905606751	7	376	log2(tiles)=0.00 log10(pixels)=1.00
-0.0195510786217261	5	377	log2(tiles)=0.00 log10(pixels)=1.25
0.102059991327962	12	378	log2(tiles)=0.00 log10(pixels)=0.50
0.0510299956639812	12	379	log2(tiles)=0.00 log10(pixels)=0.25
0.102059991327962	13	380	log2(tiles)=0.00 log10(pixels)=0.50
0.0281512503836436	13	381	log2(tiles)=0.00 log10(pixels)=0.75
-0.0510299956639812	5	382	log2(tiles)=0.00 log10(pixels)=0.75
0.113943352306837	3	383	log2(tiles)=0.00 log10(pixels)=1.00
0.102059991327962	14	384	log2(tiles)=0.00 log10(pixels)=0.50
-0.0228787452803376	11	385	log2(tiles)=0.00 log10(pixels)=0.50
0.102059991327962	1	386	log2(tiles)=1.00 log10(pixels)=0.50
0.0510299956639812	13	387	log2(tiles)=0.00 log10(pixels)=0.25
0.0510299956639812	14	388	log2(tiles)=0.00 log10(pixels)=0.25
-0.0228787452803376	12	389	log2(tiles)=0.00 log10(pixels)=0.50
-0.0969100130080565	10	390	log2(tiles)=0.00 log10(pixels)=1.00
0.0510299956639812	15	391	log2(tiles)=0.00 log10(pixels)=0.25
0.068201724066995	1	392	log2(tiles)=0.00 log10(pixels)=1.50
-0.103871964321762	12	393	log2(tiles)=0.00 log10(pixels)=1.25
-0.0228787452803376	13	394	log2(tiles)=0.00 log10(pixels)=0.50
-0.0510299956639812	6	395	log2(tiles)=0.00 log10(pixels)=0.75
0.0722192947339193	2	396	log2(tiles)=0.00 log10(pixels)=1.25
-0.119666231504994	1	397	log2(tiles)=0.00 log10(pixels)=2.25
-0.109064892896621	1	398	log2(tiles)=0.00 log10(pixels)=2.50
0.0924226808222062	5	399	log2(tiles)=0.00 log10(pixels)=1.25
0	2	400	log2(tiles)=0.00 log10(pixels)=0.00
-0.0457574905606751	8	401	log2(tiles)=0.00 log10(pixels)=1.00
0	3	402	log2(tiles)=0.00 log10(pixels)=0.00
0.0510299956639812	16	403	log2(tiles)=0.00 log10(pixels)=0.25
0.0281512503836436	14	404	log2(tiles)=0.00 log10(pixels)=0.75
0.102059991327962	15	405	log2(tiles)=0.00 log10(pixels)=0.50
-0.0458800173440752	8	406	log2(tiles)=0.00 log10(pixels)=1.25
0	4	407	log2(tiles)=0.00 log10(pixels)=0.00
-0.0228787452803376	14	408	log2(tiles)=0.00 log10(pixels)=0.50
0	5	409	log2(tiles)=0.00 log10(pixels)=0.00
-0.0510299956639812	7	410	log2(tiles)=0.00 log10(pixels)=0.75
0.102059991327962	16	411	log2(tiles)=0.00 log10(pixels)=0.50
0	6	412	log2(tiles)=0.00 log10(pixels)=0.00
-0.119788758288394	3	413	log2(tiles)=0.00 log10(pixels)=1.50
-0.0510299956639812	8	414	log2(tiles)=0.00 log10(pixels)=0.75
-0.0228787452803376	15	415	log2(tiles)=0.00 log10(pixels)=0.50
-0.0228787452803376	16	416	log2(tiles)=0.00 log10(pixels)=0.50
-0.0510299956639812	1	417	log2(tiles)=1.00 log10(pixels)=0.75
0	6	418	log2(tiles)=0.00 log10(pixels)=1.00
-0.0510299956639812	9	419	log2(tiles)=0.00 log10(pixels)=0.75
-0.0339966563652008	2	420	log2(tiles)=1.00 log10(pixels)=1.75
-0.0228787452803376	17	421	log2(tiles)=0.00 log10(pixels)=0.50
0.0722192947339193	3	422	log2(tiles)=0.00 log10(pixels)=1.25
0.0423916894982539	1	423	log2(tiles)=1.00 log10(pixels)=1.75
0.102059991327962	17	424	log2(tiles)=0.00 log10(pixels)=0.50
-0.0510299956639812	10	425	log2(tiles)=0.00 log10(pixels)=0.75
0.113943352306837	4	426	log2(tiles)=0.00 log10(pixels)=1.00
0.00527250510330601	2	427	log2(tiles)=1.00 log10(pixels)=1.25
-0.0228787452803376	18	428	log2(tiles)=0.00 log10(pixels)=0.50
0.0791812460476249	8	429	log2(tiles)=0.00 log10(pixels)=1.00
0.0722192947339193	1	430	log2(tiles)=1.00 log10(pixels)=1.25
-0.0457574905606751	9	431	log2(tiles)=0.00 log10(pixels)=1.00
0.102059991327962	18	432	log2(tiles)=0.00 log10(pixels)=0.50
0.0510299956639812	17	433	log2(tiles)=0.00 log10(pixels)=0.25
0	7	434	log2(tiles)=0.00 log10(pixels)=1.00
-0.0510299956639812	2	435	log2(tiles)=1.00 log10(pixels)=0.75
0.0950980400142568	9	436	log2(tiles)=0.00 log10(pixels)=0.75
0.0510299956639812	18	437	log2(tiles)=0.00 log10(pixels)=0.25
-0.0604807473813815	1	438	log2(tiles)=1.00 log10(pixels)=2.00
-0.0969100130080565	11	439	log2(tiles)=0.00 log10(pixels)=1.00
0.0791812460476249	9	440	log2(tiles)=0.00 log10(pixels)=1.00
0.113943352306837	1	441	log2(tiles)=1.00 log10(pixels)=1.00
0.102059991327962	19	442	log2(tiles)=0.00 log10(pixels)=0.50
0	7	443	log2(tiles)=0.00 log10(pixels)=0.00
-0.0195510786217261	6	444	log2(tiles)=0.00 log10(pixels)=1.25
-0.0969100130080565	12	445	log2(tiles)=0.00 log10(pixels)=1.00
0	8	446	log2(tiles)=0.00 log10(pixels)=1.00
-0.0457574905606751	10	447	log2(tiles)=0.00 log10(pixels)=1.00
0	8	448	log2(tiles)=0.00 log10(pixels)=0.00
0	9	449	log2(tiles)=0.00 log10(pixels)=0.00
0	10	450	log2(tiles)=0.00 log10(pixels)=0.00
0	11	451	log2(tiles)=0.00 log10(pixels)=0.00
0.0510299956639812	19	452	log2(tiles)=0.00 log10(pixels)=0.25
-0.0510299956639812	11	453	log2(tiles)=0.00 log10(pixels)=0.75
0.0510299956639812	20	454	log2(tiles)=0.00 log10(pixels)=0.25
0	12	455	log2(tiles)=0.00 log10(pixels)=0.00
-0.0228787452803376	19	456	log2(tiles)=0.00 log10(pixels)=0.50
0	13	457	log2(tiles)=0.00 log10(pixels)=0.00
-0.0228787452803376	20	458	log2(tiles)=0.00 log10(pixels)=0.50
-0.0510299956639812	12	459	log2(tiles)=0.00 log10(pixels)=0.75
0	14	460	log2(tiles)=0.00 log10(pixels)=0.00
0.0791812460476249	10	461	log2(tiles)=0.00 log10(pixels)=1.00
-0.0228787452803376	21	462	log2(tiles)=0.00 log10(pixels)=0.50
0.102059991327962	20	463	log2(tiles)=0.00 log10(pixels)=0.50
0.102059991327962	2	464	log2(tiles)=1.00 log10(pixels)=0.50
-0.0228787452803376	22	465	log2(tiles)=0.00 log10(pixels)=0.50
0.0413926851582249	7	466	log2(tiles)=0.00 log10(pixels)=1.00
0.0281512503836436	15	467	log2(tiles)=0.00 log10(pixels)=0.75
-0.0228787452803376	23	468	log2(tiles)=0.00 log10(pixels)=0.50
0.113943352306837	5	469	log2(tiles)=0.00 log10(pixels)=1.00
0	15	470	log2(tiles)=0.00 log10(pixels)=0.00
0.113943352306837	6	471	log2(tiles)=0.00 log10(pixels)=1.00
0.102059991327962	21	472	log2(tiles)=0.00 log10(pixels)=0.50
0.0510299956639812	21	473	log2(tiles)=0.00 log10(pixels)=0.25
0.0510299956639812	22	474	log2(tiles)=0.00 log10(pixels)=0.25
-0.0991167844516374	1	475	log2(tiles)=2.50 log10(pixels)=3.50
-0.0228787452803376	24	476	log2(tiles)=0.00 log10(pixels)=0.50
-0.0228787452803376	25	477	log2(tiles)=0.00 log10(pixels)=0.50
-0.0228787452803376	26	478	log2(tiles)=0.00 log10(pixels)=0.50
0	16	479	log2(tiles)=0.00 log10(pixels)=0.00
0	17	480	log2(tiles)=0.00 log10(pixels)=0.00
0.0510299956639812	23	481	log2(tiles)=0.00 log10(pixels)=0.25
-0.0739087409443187	6	482	log2(tiles)=0.00 log10(pixels)=1.25
-0.0686362358410126	3	483	log2(tiles)=0.00 log10(pixels)=1.50
-0.0686362358410126	4	484	log2(tiles)=0.00 log10(pixels)=1.50
0.0510299956639812	24	485	log2(tiles)=0.00 log10(pixels)=0.25
-0.0969100130080565	13	486	log2(tiles)=0.00 log10(pixels)=1.00
0.0510299956639812	25	487	log2(tiles)=0.00 log10(pixels)=0.25
0.102059991327962	22	488	log2(tiles)=0.00 log10(pixels)=0.50
-0.0967874862246563	3	489	log2(tiles)=0.00 log10(pixels)=1.75
0	18	490	log2(tiles)=0.00 log10(pixels)=0.00
0	19	491	log2(tiles)=0.00 log10(pixels)=0.00
0.0950980400142568	10	492	log2(tiles)=0.00 log10(pixels)=0.75
-0.0228787452803376	3	493	log2(tiles)=0.00 log10(pixels)=1.50
0.0281512503836436	16	494	log2(tiles)=0.00 log10(pixels)=0.75
-0.0228787452803376	27	495	log2(tiles)=0.00 log10(pixels)=0.50
-0.0228787452803376	28	496	log2(tiles)=0.00 log10(pixels)=0.50
-0.0528419686577808	5	497	log2(tiles)=0.00 log10(pixels)=1.50
0.068201724066995	2	498	log2(tiles)=0.00 log10(pixels)=1.50
-0.0872421683184259	1	499	log2(tiles)=0.00 log10(pixels)=1.75
0	20	500	log2(tiles)=0.00 log10(pixels)=0.00
0.0510299956639812	26	501	log2(tiles)=0.00 log10(pixels)=0.25
0	21	502	log2(tiles)=0.00 log10(pixels)=0.00
0.0281512503836436	17	503	log2(tiles)=0.00 log10(pixels)=0.75
0	22	504	log2(tiles)=0.00 log10(pixels)=0.00
0.102059991327962	23	505	log2(tiles)=0.00 log10(pixels)=0.50
0	23	506	log2(tiles)=0.00 log10(pixels)=0.00
0.0510299956639812	27	507	log2(tiles)=0.00 log10(pixels)=0.25
0	9	508	log2(tiles)=0.00 log10(pixels)=1.00
0	24	509	log2(tiles)=0.00 log10(pixels)=0.00
0.102059991327962	24	510	log2(tiles)=0.00 log10(pixels)=0.50
-0.0510299956639812	13	511	log2(tiles)=0.00 log10(pixels)=0.75
0.0510299956639812	28	512	log2(tiles)=0.00 log10(pixels)=0.25
0.0413926851582249	8	513	log2(tiles)=0.00 log10(pixels)=1.00
-0.0228787452803376	29	514	log2(tiles)=0.00 log10(pixels)=0.50
0.0510299956639812	29	515	log2(tiles)=0.00 log10(pixels)=0.25
0	25	516	log2(tiles)=0.00 log10(pixels)=0.00
0.0510299956639812	30	517	log2(tiles)=0.00 log10(pixels)=0.25
0.0510299956639812	31	518	log2(tiles)=0.00 log10(pixels)=0.25
0.0413926851582249	9	519	log2(tiles)=0.00 log10(pixels)=1.00
0	26	520	log2(tiles)=0.00 log10(pixels)=0.00
-0.0969100130080565	14	521	log2(tiles)=0.00 log10(pixels)=1.00
0.0563025007672873	1	522	log2(tiles)=1.00 log10(pixels)=1.50
-0.0228787452803376	30	523	log2(tiles)=0.00 log10(pixels)=0.50
0.0510299956639812	32	524	log2(tiles)=0.00 log10(pixels)=0.25
0	27	525	log2(tiles)=0.00 log10(pixels)=0.00
-0.0228787452803376	31	526	log2(tiles)=0.00 log10(pixels)=0.50
0.0510299956639812	33	527	log2(tiles)=0.00 log10(pixels)=0.25
0.0510299956639812	34	528	log2(tiles)=0.00 log10(pixels)=0.25
0.0950980400142568	11	529	log2(tiles)=0.00 log10(pixels)=0.75
0.0281512503836436	18	530	log2(tiles)=0.00 log10(pixels)=0.75
0	28	531	log2(tiles)=0.00 log10(pixels)=0.00
0.0950980400142568	12	532	log2(tiles)=0.00 log10(pixels)=0.75
-0.0510299956639812	14	533	log2(tiles)=0.00 log10(pixels)=0.75
-0.0510299956639812	15	534	log2(tiles)=0.00 log10(pixels)=0.75
-0.0969100130080565	15	535	log2(tiles)=0.00 log10(pixels)=1.00
-0.0457574905606751	11	536	log2(tiles)=0.00 log10(pixels)=1.00
-0.0726296369609765	1	537	log2(tiles)=1.00 log10(pixels)=3.00
-0.00168944621039957	1	538	log2(tiles)=1.00 log10(pixels)=2.50
-0.0457574905606751	12	539	log2(tiles)=0.00 log10(pixels)=1.00
0.0722192947339193	2	540	log2(tiles)=1.00 log10(pixels)=1.25
0.102059991327962	25	541	log2(tiles)=0.00 log10(pixels)=0.50
0.102059991327962	26	542	log2(tiles)=0.00 log10(pixels)=0.50
-0.0458800173440752	2	543	log2(tiles)=1.00 log10(pixels)=1.25
0.102059991327962	27	544	log2(tiles)=0.00 log10(pixels)=0.50
0.0510299956639812	35	545	log2(tiles)=0.00 log10(pixels)=0.25
-0.0527194418743808	1	546	log2(tiles)=2.00 log10(pixels)=3.25
0	29	547	log2(tiles)=0.00 log10(pixels)=0.00
0	10	548	log2(tiles)=0.00 log10(pixels)=1.00
0	30	549	log2(tiles)=0.00 log10(pixels)=0.00
0	31	550	log2(tiles)=0.00 log10(pixels)=0.00
-0.0424298239020637	1	551	log2(tiles)=0.00 log10(pixels)=1.75
-0.0510299956639812	16	552	log2(tiles)=0.00 log10(pixels)=0.75
-0.0510299956639812	17	553	log2(tiles)=0.00 log10(pixels)=0.75
-0.119186407719209	1	554	log2(tiles)=1.00 log10(pixels)=2.00
0.113943352306837	7	555	log2(tiles)=0.00 log10(pixels)=1.00
0.102059991327962	28	556	log2(tiles)=0.00 log10(pixels)=0.50
0	32	557	log2(tiles)=0.00 log10(pixels)=0.00
0.0950980400142568	13	558	log2(tiles)=0.00 log10(pixels)=0.75
0.0281512503836436	19	559	log2(tiles)=0.00 log10(pixels)=0.75
0.0510299956639812	36	560	log2(tiles)=0.00 log10(pixels)=0.25
-0.0510299956639812	18	561	log2(tiles)=0.00 log10(pixels)=0.75
0	33	562	log2(tiles)=0.00 log10(pixels)=0.00
0.102059991327962	29	563	log2(tiles)=0.00 log10(pixels)=0.50
-0.0510299956639812	19	564	log2(tiles)=0.00 log10(pixels)=0.75
0.0950980400142568	14	565	log2(tiles)=0.00 log10(pixels)=0.75
-0.0228787452803376	32	566	log2(tiles)=0.00 log10(pixels)=0.50
0.0950980400142568	15	567	log2(tiles)=0.00 log10(pixels)=0.75
0	34	568	log2(tiles)=0.00 log10(pixels)=0.00
-0.0457574905606751	13	569	log2(tiles)=0.00 log10(pixels)=1.00
0	35	570	log2(tiles)=0.00 log10(pixels)=0.00
0	36	571	log2(tiles)=0.00 log10(pixels)=0.00
0.0510299956639812	37	572	log2(tiles)=0.00 log10(pixels)=0.25
-0.0228787452803376	33	573	log2(tiles)=0.00 log10(pixels)=0.50
0	37	574	log2(tiles)=0.00 log10(pixels)=0.00
-0.0228787452803376	34	575	log2(tiles)=0.00 log10(pixels)=0.50
-0.0228787452803376	35	576	log2(tiles)=0.00 log10(pixels)=0.50
0.102059991327962	30	577	log2(tiles)=0.00 log10(pixels)=0.50
-0.0457574905606751	14	578	log2(tiles)=0.00 log10(pixels)=1.00
-0.103871964321762	13	579	log2(tiles)=0.00 log10(pixels)=1.25
0.102059991327962	31	580	log2(tiles)=0.00 log10(pixels)=0.50
-0.103871964321762	14	581	log2(tiles)=0.00 log10(pixels)=1.25
-0.0228787452803376	36	582	log2(tiles)=0.00 log10(pixels)=0.50
-0.0457574905606751	15	583	log2(tiles)=0.00 log10(pixels)=1.00
-0.0228787452803376	37	584	log2(tiles)=0.00 log10(pixels)=0.50
-0.0228787452803376	38	585	log2(tiles)=0.00 log10(pixels)=0.50
0.102059991327962	32	586	log2(tiles)=0.00 log10(pixels)=0.50
0.0281512503836436	20	587	log2(tiles)=0.00 log10(pixels)=0.75
0	38	588	log2(tiles)=0.00 log10(pixels)=0.00
0.0791812460476249	11	589	log2(tiles)=0.00 log10(pixels)=1.00
0.102059991327962	33	590	log2(tiles)=0.00 log10(pixels)=0.50
0.107332496431269	1	591	log2(tiles)=1.00 log10(pixels)=1.75
0.0563025007672873	2	592	log2(tiles)=1.00 log10(pixels)=1.50
-0.0915149811213503	2	593	log2(tiles)=0.00 log10(pixels)=2.00
0.102059991327962	34	594	log2(tiles)=0.00 log10(pixels)=0.50
0.102059991327962	35	595	log2(tiles)=0.00 log10(pixels)=0.50
0.00527250510330601	5	596	log2(tiles)=0.00 log10(pixels)=1.25
-0.0510299956639812	20	597	log2(tiles)=0.00 log10(pixels)=0.75
0.0281512503836436	21	598	log2(tiles)=0.00 log10(pixels)=0.75
0.0510299956639812	38	599	log2(tiles)=0.00 log10(pixels)=0.25
0.102059991327962	36	600	log2(tiles)=0.00 log10(pixels)=0.50
0.0413926851582249	10	601	log2(tiles)=0.00 log10(pixels)=1.00
-0.0510299956639812	21	602	log2(tiles)=0.00 log10(pixels)=0.75
-0.0528419686577808	6	603	log2(tiles)=0.00 log10(pixels)=1.50
0.0510299956639812	39	604	log2(tiles)=0.00 log10(pixels)=0.25
0.0791812460476249	12	605	log2(tiles)=0.00 log10(pixels)=1.00
-0.0228787452803376	39	606	log2(tiles)=0.00 log10(pixels)=0.50
0.102059991327962	37	607	log2(tiles)=0.00 log10(pixels)=0.50
-0.0510299956639812	22	608	log2(tiles)=0.00 log10(pixels)=0.75
0	39	609	log2(tiles)=0.00 log10(pixels)=0.00
0	40	610	log2(tiles)=0.00 log10(pixels)=0.00
0.0281512503836436	22	611	log2(tiles)=0.00 log10(pixels)=0.75
0	41	612	log2(tiles)=0.00 log10(pixels)=0.00
0	42	613	log2(tiles)=0.00 log10(pixels)=0.00
0	43	614	log2(tiles)=0.00 log10(pixels)=0.00
0.0510299956639812	1	615	log2(tiles)=1.00 log10(pixels)=0.25
0	44	616	log2(tiles)=0.00 log10(pixels)=0.00
0.0281512503836436	23	617	log2(tiles)=0.00 log10(pixels)=0.75
-0.0228787452803376	40	618	log2(tiles)=0.00 log10(pixels)=0.50
0.102059991327962	38	619	log2(tiles)=0.00 log10(pixels)=0.50
-0.0228787452803376	41	620	log2(tiles)=0.00 log10(pixels)=0.50
0	45	621	log2(tiles)=0.00 log10(pixels)=0.00
0.0510299956639812	40	622	log2(tiles)=0.00 log10(pixels)=0.25
0	1	623	log2(tiles)=1.00 log10(pixels)=1.00
0	46	624	log2(tiles)=0.00 log10(pixels)=0.00
0	47	625	log2(tiles)=0.00 log10(pixels)=0.00
0.0510299956639812	41	626	log2(tiles)=0.00 log10(pixels)=0.25
-0.0228787452803376	42	627	log2(tiles)=0.00 log10(pixels)=0.50
0.0563025007672873	2	628	log2(tiles)=0.00 log10(pixels)=1.50
0.0413926851582249	3	629	log2(tiles)=1.00 log10(pixels)=1.00
-0.0228787452803376	43	630	log2(tiles)=0.00 log10(pixels)=0.50
0	48	631	log2(tiles)=0.00 log10(pixels)=0.00
0	49	632	log2(tiles)=0.00 log10(pixels)=0.00
0.0510299956639812	42	633	log2(tiles)=0.00 log10(pixels)=0.25
-0.0510299956639812	23	634	log2(tiles)=0.00 log10(pixels)=0.75
0.123249290397901	1	635	log2(tiles)=1.00 log10(pixels)=1.50
0.0510299956639812	43	636	log2(tiles)=0.00 log10(pixels)=0.25
0.102059991327962	39	637	log2(tiles)=0.00 log10(pixels)=0.50
-0.0967874862246563	1	638	log2(tiles)=1.00 log10(pixels)=1.75
-0.0510299956639812	24	639	log2(tiles)=0.00 log10(pixels)=0.75
0.0510299956639812	44	640	log2(tiles)=0.00 log10(pixels)=0.25
0.0510299956639812	45	641	log2(tiles)=0.00 log10(pixels)=0.25
-0.0228787452803376	44	642	log2(tiles)=0.00 log10(pixels)=0.50
0.0374264979406238	2	643	log2(tiles)=0.00 log10(pixels)=2.00
0.0825089127062364	1	644	log2(tiles)=1.00 log10(pixels)=1.75
0	50	645	log2(tiles)=0.00 log10(pixels)=0.00
0.0413926851582249	4	646	log2(tiles)=1.00 log10(pixels)=1.00
0.0510299956639812	46	647	log2(tiles)=0.00 log10(pixels)=0.25
-0.0339966563652008	3	648	log2(tiles)=1.00 log10(pixels)=1.75
0.111727836017593	10	649	log2(tiles)=0.00 log10(pixels)=1.25
-0.0457574905606751	16	650	log2(tiles)=0.00 log10(pixels)=1.00
-0.085026652029182	3	651	log2(tiles)=1.00 log10(pixels)=1.50
0.102059991327962	40	652	log2(tiles)=0.00 log10(pixels)=0.50
-0.0228787452803376	45	653	log2(tiles)=0.00 log10(pixels)=0.50
0	51	654	log2(tiles)=0.00 log10(pixels)=0.00
0.102059991327962	41	655	log2(tiles)=0.00 log10(pixels)=0.50
-0.0228787452803376	46	656	log2(tiles)=0.00 log10(pixels)=0.50
-0.0969100130080565	16	657	log2(tiles)=0.00 log10(pixels)=1.00
0	52	658	log2(tiles)=0.00 log10(pixels)=0.00
0.0510299956639812	2	659	log2(tiles)=1.00 log10(pixels)=0.25
-0.0228787452803376	47	660	log2(tiles)=0.00 log10(pixels)=0.50
-0.0510299956639812	25	661	log2(tiles)=0.00 log10(pixels)=0.75
0.0510299956639812	47	662	log2(tiles)=0.00 log10(pixels)=0.25
-0.0510299956639812	26	663	log2(tiles)=0.00 log10(pixels)=0.75
0	53	664	log2(tiles)=0.00 log10(pixels)=0.00
0.0722192947339193	4	665	log2(tiles)=0.00 log10(pixels)=1.25
0	54	666	log2(tiles)=0.00 log10(pixels)=0.00
0.0510299956639812	48	667	log2(tiles)=0.00 log10(pixels)=0.25
0	55	668	log2(tiles)=0.00 log10(pixels)=0.00
0	56	669	log2(tiles)=0.00 log10(pixels)=0.00
0	1	670	log2(tiles)=0.00 log10(pixels)=2.00
-0.0132282657337552	1	671	log2(tiles)=0.00 log10(pixels)=2.00
0.0281512503836436	24	672	log2(tiles)=0.00 log10(pixels)=0.75
0.113943352306837	2	673	log2(tiles)=1.00 log10(pixels)=1.00
-0.0457574905606751	1	674	log2(tiles)=1.00 log10(pixels)=1.00
0.102059991327962	42	675	log2(tiles)=0.00 log10(pixels)=0.50
0	57	676	log2(tiles)=0.00 log10(pixels)=0.00
0	58	677	log2(tiles)=0.00 log10(pixels)=0.00
-0.0228787452803376	48	678	log2(tiles)=0.00 log10(pixels)=0.50
0.0510299956639812	49	679	log2(tiles)=0.00 log10(pixels)=0.25
0.0510299956639812	50	680	log2(tiles)=0.00 log10(pixels)=0.25
0.0510299956639812	51	681	log2(tiles)=0.00 log10(pixels)=0.25
0	59	682	log2(tiles)=0.00 log10(pixels)=0.00
0.0281512503836436	25	683	log2(tiles)=0.00 log10(pixels)=0.75
0	60	684	log2(tiles)=0.00 log10(pixels)=0.00
0.102059991327962	43	685	log2(tiles)=0.00 log10(pixels)=0.50
0.0510299956639812	3	686	log2(tiles)=1.00 log10(pixels)=0.25
0.102059991327962	44	687	log2(tiles)=0.00 log10(pixels)=0.50
0	61	688	log2(tiles)=0.00 log10(pixels)=0.00
0.0281512503836436	26	689	log2(tiles)=0.00 log10(pixels)=0.75
-0.0458800173440752	9	690	log2(tiles)=0.00 log10(pixels)=1.25
-0.0969100130080565	17	691	log2(tiles)=0.00 log10(pixels)=1.00
0	62	692	log2(tiles)=0.00 log10(pixels)=0.00
0	63	693	log2(tiles)=0.00 log10(pixels)=0.00
-0.0739087409443187	7	694	log2(tiles)=0.00 log10(pixels)=1.25
0.111727836017593	11	695	log2(tiles)=0.00 log10(pixels)=1.25
-0.0739087409443187	8	696	log2(tiles)=0.00 log10(pixels)=1.25
0.102059991327962	45	697	log2(tiles)=0.00 log10(pixels)=0.50
0	64	698	log2(tiles)=0.00 log10(pixels)=0.00
0	65	699	log2(tiles)=0.00 log10(pixels)=0.00
0.102059991327962	46	700	log2(tiles)=0.00 log10(pixels)=0.50
0.0510299956639812	52	701	log2(tiles)=0.00 log10(pixels)=0.25
0.0950980400142568	16	702	log2(tiles)=0.00 log10(pixels)=0.75
0.0287536009528289	3	703	log2(tiles)=0.00 log10(pixels)=1.25
0.0281512503836436	27	704	log2(tiles)=0.00 log10(pixels)=0.75
0.102059991327962	47	705	log2(tiles)=0.00 log10(pixels)=0.50
0.0510299956639812	53	706	log2(tiles)=0.00 log10(pixels)=0.25
-0.103871964321762	15	707	log2(tiles)=0.00 log10(pixels)=1.25
0.0510299956639812	54	708	log2(tiles)=0.00 log10(pixels)=0.25
0.0510299956639812	55	709	log2(tiles)=0.00 log10(pixels)=0.25
-0.0969100130080565	18	710	log2(tiles)=0.00 log10(pixels)=1.00
-0.085026652029182	4	711	log2(tiles)=1.00 log10(pixels)=1.50
-0.0228787452803376	49	712	log2(tiles)=0.00 log10(pixels)=0.50
0.0510299956639812	56	713	log2(tiles)=0.00 log10(pixels)=0.25
0.102059991327963	3	714	log2(tiles)=1.00 log10(pixels)=1.50
0.0314789170422551	1	715	log2(tiles)=1.00 log10(pixels)=1.50
-0.119788758288394	4	716	log2(tiles)=0.00 log10(pixels)=1.50
-0.0969100130080565	19	717	log2(tiles)=0.00 log10(pixels)=1.00
0.0281512503836436	28	718	log2(tiles)=0.00 log10(pixels)=0.75
0	66	719	log2(tiles)=0.00 log10(pixels)=0.00
0	67	720	log2(tiles)=0.00 log10(pixels)=0.00
