x	y
1.87930220043444	1.15722887071295
0.817029246730844	0.425148022094333
0.417933656159441	0.249095695112046
0.464907209768479	0.436038270714881
0.517662879200575	0.36932649233886
0.60510243658565	0.261651032887055
0.446391956196619	0.163248539578346
0.363370011085244	0.146426304196319
0.62484765928459	0.573862063218664
0.060319610145774	0.0448053891135398
0.101657762932386	0.0985173584750619
0.269085521694418	0.265145821974506
-0.256597438155718	0.249399931796165
0.519457086026	0.624170247237886
0.113872563581014	0.0804985078197371
0.313817495651944	0.22670457939785
0.561542259122403	0.586361849931577
0.624965795690137	0.710833882876839
1.30770594901433	1.7191528675273
0.135358000768466	0.118601101068317
-0.0350681010323728	0.0251866729946014
-0.039685936419049	0.0328558065379643
-0.0950862826334443	0.0833908792891976
0.296019190163379	0.319268062847645
0.54786500548179	0.620838959991328
0.0322818241915311	0.028629341454032
0.0136638445756167	0.0105543822903838
-0.0698748900503909	0.0480132845227916
-0.325589366304704	0.317714660297901
-0.273994659638772	0.191612968649083
0.218821939748251	0.143481594763044
0.430969223895315	0.410899426288536
0.660624746932542	0.58650631792196
-2.2593682252703	3.06473581937704
-0.295538247552304	0.270093173432993
0.690188483474657	0.872332963403295
0.269481217456497	0.240356895554872
-0.0108521305250989	0.00817848035713651
0.371815944790306	0.595622112670478
0.177807759290689	0.264990961930612
-0.165551586493568	0.241723288423023
0.0236117685772295	0.0275143226282261
0.405260268687297	0.391515299260918
-0.39105769029427	0.320013467260914
-0.0522595887237698	0.0298898876826411
0.456129547474205	0.357071359616115
0.205883966641224	0.155656323428928
0.461385858329236	0.257019610648656
0.0733052815220836	0.0393607420459733
0.933477285965793	0.799930198764471
0.073832164193591	0.0386012099091609
0.237622302630757	0.135367860725952
0.076600530036062	0.0414977759701984
0.0661869166864904	0.0300340096531964
-0.417443534222334	0.25637583445983
-0.848785847550116	0.390679040211389
-0.791017032213762	0.821935125026474
0.309597943005595	0.228039732951848
0.340255504047376	0.331119786820257
0.176085248580059	0.0999439400802245
0.121489003066921	0.0965634630599562
0.523404388903386	1.04520277408225
0.266516540682994	0.358746942083501
-0.103332169628161	0.132514311487423
0.602539331074039	1.54507882975363
0.0967925005110033	0.117907995057625
0.0449592704640808	0.0341003800659643
-2.05371133082456	2.4684714436436
-0.13954001970433	0.0621784365688427
-1.90052979338433	2.06044057999276
0.35896923676614	0.238411980795878
-1.57115449889957	1.05133909031489
0.598639552874962	0.276248356719227
0.309829459458145	0.135472385348621
0.618951382786498	0.378526070091331
0.34645400679675	0.131683018102964
0.384872509006954	0.244067793191485
0.0684774657346811	0.0345471628494061
-0.283519301244198	0.157014092154608
0.821950293437869	0.416311549002824
0.0692530029050344	0.0345949595564449
1.00409811322619	0.601990708082254
0.0817872353630484	0.0457222821958183
0.433883034200955	0.443914179934573
0.258211499570961	0.241834331499949
0.0274295322288873	0.0226568856487191
0.202456847852898	0.220431130446463
0.574665665197049	0.767744452995123
0.255458948344947	0.300941169965128
0.39797401232546	0.522486533566993
0.0427704595374903	0.0460780172393616
0.156889752715724	0.151936564045189
0.141767283044791	0.122821865723843
-0.349420289302272	0.403284065511894
-0.297519271881538	0.284722130288174
-0.044128933332863	0.0363019072764623
-0.0210557500141352	0.0154549007263881
-0.549969405607585	0.53030566819189
0.305632211867685	0.353330430062949
0.181587050465834	0.230260388457183
0.202137800051797	0.173623090971453
0.0508678411116427	0.0401846063691162
-0.371400950433099	0.361371140511661
-0.0636620841325463	0.054911078282401
0.322014591217084	0.320278043598414
-0.103582307529871	0.0699433413525961
0.383613710073539	0.438731725020041
0.65471909162109	0.491776279647628
0.518422313865966	0.264498726595568
1.68416274343494	1.53632755562988
0.694648738838983	0.875616200126419
-0.0105053362143126	0.00782949224799792
0.116282647394276	0.0790554304077992
-1.18587054216313	0.836865254352015
0.611569903948235	0.270765551564804
-0.0967104291592879	0.0954367295385849
0.27416732328453	0.421529832321676
-0.0629160279957175	0.0629213673093071
0.171892726799109	0.215712740007596
-0.113777417104678	0.10872149406701
0.240908941754329	0.282023157105821
-0.372938237670843	0.466152420181808
-0.0848525461527178	0.0703410680033913
-1.14895507463205	2.66744492582063
-0.292665482950777	0.320370655619943
0.320636586658993	0.328289627088055
0.195944893568981	0.184525920662209
-0.355392643016906	0.488416849276716
0.819085532560399	1.40025599694742
0.0358977235888178	0.0327560098928819
-0.13010164947379	0.117368809481294
0.419839872451332	0.35072099947429
0.218266677380762	0.173863764970611
0.643218995073387	0.478731290443388
-0.02048447074565	0.0153194321047803
0.630420105966908	0.749008021134165
0.485075037163601	0.577584101330936
0.310340874628101	0.248786958236256
0.347642251852275	0.339841962791364
-0.0593212300827948	0.0670958274783836
0.511158493238676	0.820803409688319
-0.0881699257307368	0.0948215604926472
0.255804194276857	0.286673786047888
0.243290161946807	0.298630931424387
0.217924763881311	0.199561689438983
-0.458006243064895	0.575566163241933
-0.522910832686596	0.611160375372341
0.476845665244708	0.529496265539314
0.386845862944357	0.495748813794894
0.00916140704422755	0.00954461060966716
0.397942939971765	0.607777069552183
-0.132063427938084	0.112655195399065
-0.0183520936945932	0.0138634537072073
-0.574962563911699	0.715613479593186
0.0585019593038501	0.0456718060059116
-0.0529193810148259	0.0494284481604069
1.70219597795942	0.948091376575717
0.0848555114773096	0.0256163091913079
0.120610744882912	0.0948442274593123
0.570537008072905	0.545736326480398
0.295264372245993	0.23655354198908
-0.142841945412351	0.064938795933451
-0.738234421079762	0.456321422035079
0.00400130364223122	0.0037064987287782
0.728912533494487	1.2516047810346
0.272019016534411	0.37718597174929
0.323149476329325	0.465139130266367
-0.545070256568281	0.691334369621143
0.370927912290619	0.44529949465299
-0.182091615668872	0.210021258087764
0.180629220845797	0.187575870601358
-0.0394931543226573	0.0390793584307113
-0.324098744376169	0.469956751605329
-0.0322101027322174	0.0273231917398198
-0.117777816163976	0.125183213313344
0.0472584372936491	0.0450954450624759
-0.0622594170431551	0.0576312339005529
-0.360661083624987	0.434411739867081
-0.140357980522617	0.150600259782585
-0.199667374802993	0.239367782812256
0.195826978069166	0.221391992894551
1.88079679529181	1.16411640180289
0.517151881689539	0.248578614939861
0.417628875622496	0.348180917337462
0.773130271003641	0.521094948429814
1.04155770456618	1.40889862590331
-0.441517696909423	0.465257431457297
0.114311361146899	0.0789848233367108
0.634649248378127	0.382048353722809
0.937845600026495	0.803882304985109
0.105793818135031	0.117245870819293
0.231540840189186	0.30539774174764
0.403952757131154	0.484911056797657
-0.224695689333258	0.247555244316375
-0.343632114723349	0.364079555221187
0.123045423116105	0.0903519354656431
-0.960026913152584	1.28484533862429
0.403596408955816	0.504863882999047
0.0632587362663019	0.0610311010523094
0.213422904906972	0.249630763971386
-0.204069412887787	0.233236230948912
0.377047328278671	0.430679693651528
0.183906780283276	0.165029443715981
0.0808596798738124	0.0706078865120198
0.130716224519656	0.106574775033243
-0.133034872932572	0.113885868171364
0.313425623615394	0.32414508700653
0.273443502751588	0.270730076892988
0.529595060407102	0.741206440970982
0.157435512270022	0.140641489129538
0.331906956795632	0.250494887683635
-0.331962443541726	0.256558598758581
0.280203483962152	0.133498741041567
0.806706226205208	0.772843405789519
0.251851853224177	0.235448181289734
0.104735797256753	0.0735728363732965
0.375003642408884	0.428670981107642
0.0834116740561095	0.0787399238470575
-0.112673132458433	0.0969911221601978
-0.0681157429584233	0.0546414661794729
0.405129170504728	0.343446103340942
0.16373026144626	0.177266734551121
-0.805432566965349	1.12732469713369
-0.670870596040926	0.918518858304107
0.614102325833127	0.471731800991623
0.0511547875486141	0.037957323811182
0.10478927160504	0.0701487945681269
-0.108099845348844	0.0945595646533401
-0.0432084700540127	0.0511188065470433
0.0668589040366411	0.066771130735974
0.305322855473688	0.365553941588817
0.554467465145549	0.631984232752621
0.302474113805558	0.250631760641902
-0.697358669427255	0.816408606156092
-0.272230081049262	0.260756162247355
0.193350165314041	0.193980850167818
-0.131082935502755	0.124190283108144
0.505540271567056	0.676008063012928
0.405487195404038	0.419938573340237
0.180438685894181	0.272807166772719
-0.0203844663339859	0.0229468019447927
0.100002466275041	0.133696281300108
0.135213839102278	0.185221054163901
0.0941989762341874	0.13259370090448
0.28727702515945	0.325103462245186
0.274330931211282	0.414584670873238
0.0812556122801598	0.109780755350349
-0.460283355861539	1.06805196009467
-0.0114512788662438	0.0151557375696351
0.353973580708814	0.230595091299445
0.0783028548898914	0.0453129545264549
0.813140220218638	0.766711901016318
0.0714642176776013	0.0357190872867841
0.116082575288088	0.0287539983358461
0.064965035785602	0.02888600699407
0.060291142987671	0.0274518988795145
-0.00992272894644469	0.00618844233309954
-0.0474468881853811	0.063203752127069
-0.293986806238125	0.517993318735914
-1.06251642512686	1.03049463519519
-0.237044535703456	0.135685790205953
0.699479877942305	0.522647780101721
-0.887073311281052	0.606660311762654
1.01616878846079	0.733248203556555
-0.194908843782425	0.117666813922609
0.215112241588101	0.12821893708708
0.356177668716428	0.424565546893979
0.687722176951518	0.924894222286984
0.5597229195562	0.792587789862499
-0.163500175682094	0.138272982795269
0.505637941679622	0.575497599540993
0.200295637699787	0.176081328640242
1.15121109035197	1.36699746623425
0.14432022597423	0.134461837600185
0.820691521448536	1.19269130388346
-0.0297415667064496	0.0257806419875537
0.08571862378105	0.0951884366925842
0.579682650250491	0.797786724974687
0.232567683543133	0.248840071284391
0.556021963662858	0.843612861681774
0.103632659519993	0.0731487648313613
0.509766728354262	0.449343109760857
0.111963230171696	0.0758830330561853
0.309499177169991	0.447220470856374
-0.526653707000358	0.743678444871153
-0.427060442936858	0.310679908894053
-1.89517193292075	2.50395986380443
-1.09489373776626	1.01392879343505
-0.525236039832981	0.405248392512471
-0.0818255117576794	0.043681419892392
-0.658684629656138	0.643498636672787
-0.234515695600689	0.190540801913002
0.264638824932926	0.272678120383228
0.11954666053496	0.0944800652346711
0.406235362506175	0.597595138754482
0.376844363151562	0.627850389980255
0.639341322214016	1.20291950972286
0.177957259521572	0.233825985298383
-0.0823247327996587	0.0912186282502724
-0.296730860960366	0.384289779287324
0.340870498873649	0.400553217384786
0.20442402085196	0.170278235170169
0.149409144278044	0.203808933693255
-0.033065879586307	0.0344811403796453
0.235866794684772	0.298664299610285
-0.216901139608836	0.284879208751722
-0.0554615237745714	0.0669784281161833
-0.0255893816944301	0.0317732445899831
0.595774405123951	0.463304767975477
0.496079353244803	0.452494554165553
0.209243083472508	0.143421547155806
0.258544480320158	0.403204120080348
-0.32653927246635	0.434344397080988
-0.527628172163101	0.409844296181962
0.811612062333677	0.765097763871494
-0.237394597100532	0.135407208928526
0.440099952678532	0.438304574250082
0.29406949068191	0.236864656404307
-0.0678875868603174	0.0376329665526018
-0.203462846933916	0.144528272559085
-0.166210605669277	0.177707290137896
0.21291393645181	0.189732888119075
-0.138291315075309	0.119702758664166
0.126747382331803	0.11708418191923
0.390255611188095	0.427617973542965
-0.0670642606006474	0.0466084079373354
0.0114411539214702	0.00794869445349753
-0.0310410403407838	0.0184735449829956
-0.528886292935604	0.500467907838077
-0.145482664980586	0.094452391222958
-0.366152070670484	0.268389650622525
-0.417986803063964	0.442257298384674
0.323620461964512	0.231717942919331
-0.528320883846471	0.504281726610704
-0.168452588559416	0.121919747215172
-0.212670173618182	0.220949797066367
0.584129744590257	0.695805976647021
0.0519465338448203	0.0484203618384158
0.147397456729917	0.123920328448021
0.281609597661701	0.243968699560686
0.127223717283186	0.100997429416003
0.460697976502797	0.589159582802124
0.048540332180304	0.0453475656474291
0.572976408821696	0.628519502088242
0.274735858090852	0.25708982500559
-0.733127523632374	0.827318484572817
0.644944885002874	0.675395235838612
0.372397480247149	0.340027754942243
-0.808322703477199	0.872877429715399
-0.809843715674454	1.01831514781111
-0.0745585930574896	0.0658022297827544
0.20063348648993	0.180507730667461
0.0269493432490962	0.0187335840531233
-0.0477671357276775	0.0341645693372711
-0.0523484797087033	0.043380350877983
-0.0302392815145673	0.0177978630578656
-1.10268885301532	0.982825895488889
-0.325431534435113	0.169735848592927
1.38670981302077	1.29961075443443
1.78813508443939	1.81129736982628
0.0729661869474498	0.0397454262868748
1.16250042668331	0.861067997208953
0.282801379105556	0.241452725799901
0.574620712433724	0.482318043767521
-0.188000529126239	0.111727895108815
0.431329869839385	0.236278999691778
-0.316770449850913	0.275876874560292
0.0533156625914665	0.0417158808408898
0.516574739601584	0.550160969772861
-0.333577942943751	0.258532989041841
0.513893402925276	0.763640394136265
0.231225643302252	0.288332481532165
0.255688995302594	0.274298168779909
0.248063302515975	0.291390099893069
-0.39010554358601	0.394994941788091
0.196748015970433	0.181543568005119
0.322293546086199	0.336381058859953
0.0222054773295967	0.0152954917476918
-0.0531084147054445	0.0530767482725126
-0.559795955306369	0.666762445451277
-0.311047548599639	0.318394647374904
0.790242465434083	1.33809199949253
0.290455308104226	0.231311039430089
-0.185760192617321	0.0779312984307236
0.559809457523797	0.647259218632044
-0.458864383390737	0.369241206626185
0.81522786651293	0.430884513519925
0.872174903088104	0.497368947765653
0.0707231307870655	0.0240114086057068
-0.882553416138419	0.489886186285131
0.915256640528192	0.246546453799677
1.52550007708345	0.988943748317562
-0.368004061355573	0.234446858848205
1.15798249646009	0.902460624227409
1.17585337214301	0.735177740061556
-0.466443894912745	0.379644453343363
-0.274358829394545	0.145313488313926
-0.33259549712494	0.172692066592761
1.68270688554303	1.24050546217809
0.0497266233681667	0.0376563737597701
-0.165729475221921	0.169498972053096
-0.242046308196296	0.28532937144623
-0.0753028766571719	0.0751503929933868
-0.167948372125354	0.199356054585201
-0.0330393017658303	0.0307453399332531
0.2600442930996	0.278723016973242
0.0509089772541953	0.0523964861961042
0.33027270912295	0.222148085426456
0.984456610530608	0.473352207035094
0.966100963090967	0.356028191642523
-0.405185007506014	0.121133837036836
0.969467555006557	0.358864692482694
0.818377761739654	0.438459087939051
0.305013874862582	0.132016822453749
0.520868317474497	0.258900153837785
1.53999610922	1.05021546976276
0.421553680389151	0.235092119262796
0.106515133433568	0.0267328578181176
0.0785045909896937	0.0454901128701004
-0.0997076701307321	0.0485121900743935
0.102987518565418	0.0767566786318028
0.396056212303034	0.348105254265379
-0.0176661840940849	0.0166885722394129
0.231661676054222	0.317900602366717
0.0603298994504555	0.058890954195726
-0.358056794412922	0.566193121983109
0.0450835552365104	0.0495290975561628
-0.233941950703939	0.0895256409013538
0.966838633891883	0.374912881186244
-1.10004253582624	0.446366605646444
0.961768678861857	0.365024879458195
0.0668232601518025	0.03282279994125
-0.885551133173272	0.582204927618087
1.76244888962048	0.700577659923282
1.25756500142126	0.532728884835301
-0.417800673916868	0.258528588648503
0.521979179721272	0.45351510282438
0.312091901785669	0.139613382892612
0.446649728500762	0.158369716511849
0.516415600953688	0.912670692096371
0.00744753278307119	0.00560579546108612
-0.138816797526255	0.104632461410277
0.052783751772509	0.0485975750589971
0.146910533876469	0.149599034084925
-0.153314812965995	0.13680733874773
0.169300625483195	0.181261634517896
-0.0137560343604827	0.0117952142898335
0.54043029099445	0.846783900051289
0.161870914565963	0.184289522674947
0.442173859068744	0.159256179767351
0.964323663454472	0.367034919041761
1.95861796438167	0.522920116684771
0.131244754681026	0.0264041860353196
0.956186845718807	0.360029069748652
1.168771117683	0.770584634114996
0.0647819442874298	0.0241459835997639
-0.300729928489825	0.104672402463958
0.740171419786743	0.31692388691876
0.424544134063541	0.247102470403147
0.306049978235467	0.135223601471463
0.276597277229264	0.246253969392071
0.187197524921938	0.210504341547741
0.0785765128351265	0.0669490433461783
0.210855423437636	0.208874242221421
0.12762554828722	0.102924262771987
-0.0659828893949114	0.0360978349880651
-0.157007868923794	0.156740122232458
-0.10925483349722	0.103170263691804
-0.0640186619854535	0.0620297116090562
0.300407987931965	0.361578819450376
0.462648740073908	0.647567669823761
0.957899559015083	0.362137919940368
-1.89878956143819	0.777647567684127
1.76755064851629	0.682594045040735
-0.312950113627421	0.104705539485387
0.916894743295849	0.247379407168913
-1.19088794599095	0.373522050063033
-0.426487209292824	0.261056821122429
0.451118020366583	0.164035286059591
0.0791585347726345	0.0234529604649985
0.705967928846272	0.412201562784315
0.608127525175118	0.286693576818328
0.457005309845849	0.501071480254949
0.192034490641292	0.185845728435319
0.527559312788065	0.69004789599135
0.311153554173952	0.331170455901414
0.66221518723735	0.753131690382615
0.208120158494713	0.167432569303475
0.148881634244772	0.131933027787534
0.0371644109572658	0.0400963883407346
-0.171472715665157	0.185105096653358
-0.37173651777417	0.50933202206611
0.685039894894318	1.09599301659258
0.0224086201737209	0.0187854036668087
0.02506528618141	0.0224216350108332
0.496903165001117	0.531567880140934
0.874471580244857	0.792142201073027
-0.0954015450999744	0.049756788896153
0.600126559656164	0.272028352451341
0.610485995026444	0.279713897888028
-2.1495766071219	1.04325653836346
2.05053336168015	0.889026322937673
-1.91640186284471	1.17539269010478
1.01118805685888	0.703979272721935
0.380201493937892	0.243644692703116
0.734417315848296	0.310339255644924
0.302571281800863	0.37629652686541
0.214254240420277	0.275246838585004
1.10053241958555	2.72939411310743
0.535781260585924	0.712470917277247
0.522818495071818	0.743659004366956
0.261200087899508	0.292929602200041
0.189180707506115	0.181993331534523
0.0398002631690004	0.0287965268907046
-0.306477185946135	0.358224124074168
0.531957606149088	0.771473284465497
0.170180605464093	0.169888001965922
-0.801599252196362	1.31515733896932
0.263922109360853	0.312982589317604
-0.0310087442831235	0.0291868071569628
0.0970272911911828	0.0912657120576304
0.0731607291715365	0.0363216745097402
0.499893083041325	0.456156458431389
-0.274029431898739	0.152250810556079
-0.268819344494443	0.143822563227091
-0.611949887326634	0.238135274803043
0.0575749196312236	0.0189934937273074
0.612915919163622	0.277842853656505
1.40290262296238	0.473801590956212
0.744832313750266	0.286056153835538
0.363157200140267	0.246202051713714
-1.2464598633536	1.07038843884992
0.0567022207333846	0.0232710709670361
0.0593425809990113	0.0220887003646951
0.104356642063526	0.0652069770600109
0.526022555676242	0.679681859284873
-0.250309229876881	0.299756401139145
-0.285951329619886	0.333653457831571
0.657776426660867	0.840124727353966
0.139860851102831	0.143044670306922
-0.0304919184909932	0.0311797473921928
-0.053328340716358	0.0442639068419975
0.0674020703756371	0.070733737818983
0.114600795807223	0.0936834833534663
0.0579102942888482	0.0452334152562826
-0.33228895047643	0.446297506553163
0.772334965797968	1.34029358364173
0.0876240409202893	0.0812992436818445
-0.263214539247472	0.381908608236003
0.442581472102885	0.60322119580232
0.908977265612856	1.76379196517682
0.242653984777615	0.255631249298671
0.35896923676614	0.238411980795878
-0.179591171797142	0.10083619824016
-0.0765841934946632	0.0420690683918638
0.250762195302277	0.131798425688563
-1.18414033253932	0.366177227219592
-0.484856716137904	0.214463511945117
1.00641052084398	0.598953612884801
0.450866557695149	0.158198954336204
0.23266935006487	0.132681575539621
0.237594141417648	0.13428849383556
-0.406930788559042	0.12223423135792
0.6417141870458	0.616302638090347
0.366621110344502	0.420601357068214
0.527003413515231	0.805462983953033
-0.0500964985476222	0.0506797913384328
0.564499288960969	0.923961935212451
0.304418728541028	0.394935397482985
0.406856643332123	0.423508194805888
-0.330924425323196	0.439796968589123
-0.196836694459852	0.210186596911591
-0.806609019498808	1.17653258513301
-0.541764813981941	0.724956777018519
-0.361212028531233	0.329072498471908
-0.252039583910971	0.215498704584896
0.246861888428519	0.26748606397448
0.087265678043069	0.0971948394922477
0.242608283225298	0.317472896939553
-0.362660906150364	0.427480704600161
0.740530539606563	1.40140163503938
0.127832930837983	0.136754357037192
-0.243817644844761	0.254505501472922
0.493508351456096	0.361626702208108
0.506141440453697	0.43982619021245
-0.338353075293324	0.262037530921256
0.0122111112659397	0.00804585184190406
-0.142694907195141	0.0655011636353027
2.0478165689906	0.929371582903691
0.0898098502048034	0.0258985905142357
0.620508173896109	0.375244030783396
1.87514812560182	1.17297407592516
2.03882877050929	1.39450087602384
0.901571995766214	0.696032570534343
0.257002121736206	0.26935191154774
-0.037361829272969	0.0378024848764881
0.110113078138692	0.116295152011381
0.204160845619955	0.179051134394109
0.132577414500368	0.12059735892686
-0.548858133281134	0.672576756926409
0.108891760680608	0.105232596179453
-0.407691348106091	0.539574993184306
-0.446869694726982	0.516859667951769
-0.694762352132931	0.831610244114285
0.127208484413551	0.126753784095543
0.207289720867358	0.228510705566782
0.321271992995379	0.407640225933668
0.25979714269259	0.274198939445406
0.381267117219715	0.426120528360277
0.554663385013401	0.62763079609483
0.574684534018855	0.942018522425277
-0.151524010378333	0.19001837654433
1.01489520998808	1.44960597888343
0.792028219603588	0.943433707350894
0.0630305093730442	0.0605322548648473
0.0905189918558814	0.0996344628402332
0.261922891566445	0.24314946614711
0.0677981953317432	0.064776975311551
0.0248049504037683	0.026235684421106
0.322884722690006	0.335495714099518
-0.10383927446857	0.0999666771233092
0.760304395765916	1.40051453962256
0.363921415175079	0.572474791559849
0.404027116566274	0.438105300558726
0.361063720705727	0.245528611103369
0.279586448775885	0.255486428709263
0.703866479186828	0.886246985734737
0.200604845056241	0.135564436552857
0.658421092563355	0.758364299611862
0.347094748652283	0.58501563149617
0.0670436545509303	0.0825812289538907
0.291644313687375	0.252213459066689
0.288768899960139	0.25252074424396
0.0531590711366077	0.0388411884823197
-0.335139961029198	0.259555214974394
-0.130803450307655	0.0988097830871406
0.938230306664482	1.41030006992962
-0.175598840372417	0.146179320728236
0.909449711964026	0.900389376686005
-0.0302166215400523	0.0180314876511242
0.457234348878255	0.255103889289855
0.0642190495506506	0.0298513522649813
0.0180886464501565	0.0115268236787473
0.0837686172699451	0.0469832116657027
0.933433815772664	0.791294895563825
0.227553117496926	0.128244242395174
0.826761740893929	1.02845376500715
0.681228886250737	0.847866164542485
0.135221402587611	0.114934952127188
-0.971139771567496	1.23264746705526
0.397737233652743	0.327859551616993
-0.415155532396903	0.337385877613937
-0.422767054120898	0.410349322570938
-0.289702884350396	0.300048274844298
0.198349993831705	0.169351339498665
-0.391676179989293	0.38221953718885
1.10373158444329	1.47504368723424
0.00642598755659878	0.00523548440303302
0.130728485882372	0.106516861412504
-0.474602724160988	0.527140253093905
0.930086747962021	1.04456894325727
0.388125035097627	0.439025009241261
0.748504689098404	1.03690184067584
-0.315391829169984	0.270265751087897
0.309274945154203	0.24181220826387
0.461385858329236	0.257019610648656
0.518281581373709	0.258416251664534
-0.395536222931658	0.190838258111243
0.117398925333755	0.0291170272605346
0.73705081886041	0.309054921406304
0.39457920717274	0.24492723383425
0.31702544746816	0.1378440649934
1.18606057447861	0.651910491183381
0.540271872020993	0.769192718914829
1.0015299315941	1.64793953425579
-0.176855201285047	0.174555744082604
0.143568191146072	0.175203586016851
0.107042277301181	0.100613963510205
0.401931964763457	0.424100206974754
-0.645275142280155	0.855088576427722
-0.251394527327787	0.262009167424898
-0.0389355745416515	0.0393515400127695
0.195596999019858	0.192788602760823
-0.652025166082771	0.957653701772426
-0.0271667288740518	0.0216324126402942
0.194736373683537	0.198871502860775
-0.243719156384909	0.251341462768703
0.340301334514432	0.350264630448264
0.23902938132793	0.274872179287559
-0.314770582118404	0.321500016406507
-0.0922171387065402	0.0817181284552147
0.32098830897825	0.247432577828472
0.778907511911492	0.502927178002992
1.53556657381753	1.03826100410822
1.20121855779647	0.605599611942611
0.647260281208938	0.598810842704129
1.15167468761204	1.39494428291855
0.318203197975101	0.239262739488006
0.471764288403136	0.676322490504279
0.19825500539976	0.189500030562538
0.0575930425552961	0.0616936879860506
-0.0942591530716911	0.0969322790148293
0.370289802212872	0.475210319056762
0.257897459994032	0.235774175280872
-0.274694767637221	0.308615140814431
0.862478188285976	1.4115228567004
-0.0731617497217148	0.0639634733744153
0.249804540312972	0.260657588064723
0.0563458710322034	0.0548179344468267
-0.600380387863073	0.827184635904471
-0.0694353719132667	0.0633677544759202
-0.619676269052039	0.755844189767668
0.488205163718299	0.565444301100289
0.136300130070816	0.12615178711402
0.375885486606745	0.433119783571202
0.0222587829994067	0.0211553816523746
-0.120184282463618	0.115752563203251
0.519965390702447	0.509010256462823
-0.240618730473164	0.14078747934171
0.202526157839771	0.162231293720714
0.31883814306534	0.229528031485332
0.405651285710075	0.232572207691163
0.478308037825949	0.457921623680413
1.08840649391124	1.41928134438087
0.250245030287426	0.127637597438431
0.257038825220329	0.274829045936933
0.420978010602571	0.564674893614913
0.120509534381026	0.125788178586846
0.269623599669549	0.275219375451863
0.077183418794214	0.0691525890081674
0.389704748895432	0.428157605296083
0.451792026730082	0.517950929521694
0.0958067969925398	0.097351409382154
-0.0845069901376611	0.0677194817923537
0.166257586909923	0.169324410775704
0.15142067427034	0.15779281729878
0.0773361115163399	0.0661484286877049
0.198636259341755	0.199166107438392
0.108056469247269	0.0775650105559389
-0.106640432164505	0.0701878887651346
1.20134864300666	0.622773924411137
0.604164224719083	0.275811399836544
2.0468782399934	0.925370438138337
1.81946843032094	1.48209122732497
1.29850752380014	0.891938947342345
0.447180245393312	0.160006763411687
0.188428488848496	0.197915045214118
0.0641840290619508	0.0675493538764829
0.554717413949971	0.827480325196481
0.196020437748042	0.214966877739215
0.19374759785803	0.18671832778647
0.105593596941463	0.0729227428375101
1.05018856981438	1.0082312192159
0.755831094254132	0.827226491325674
0.05461933811835	0.0397933244250119
-0.209179153683785	0.152860376236196
0.6130522174423	0.27998905425123
0.705203682528485	0.411001158155085
0.252313929391055	0.133725887429606
0.531709424603516	0.257995051240678
0.524086099569035	0.534646733087317
0.165983981619694	0.191279659404879
1.03346879913031	1.81316462339547
0.570732814652455	0.723293624971704
-0.018254499453677	0.0156161126287676
0.0607616676032222	0.0591640663490083
0.678209619270012	0.868441346670739
-0.408486692118928	0.541438369299913
0.753974818475023	0.919796927336114
0.207499763446023	0.193993065345657
1.52985862064383	2.5223300048751
1.43330215517273	2.07908203029141
0.622823152784509	0.824259881847299
0.862980022571067	1.047058181863
0.303846007497517	0.348188802472423
0.249670445495152	0.288858336839106
0.00835837715121556	0.00622740266867066
-0.101875049268872	0.0996547025786624
0.177899049543852	0.166338827912122
0.298677079249154	0.264251288769384
-0.566426842848373	0.691507346980605
-0.113261897766929	0.0765600719594547
0.770403421476009	0.836076437666873
0.287043493376728	0.248855017402082
-0.0833050369266278	0.0663306723849322
-0.292128956632632	0.256017368329115
0.703700928780861	0.386324407662055
-0.602254146305616	0.23157814018567
0.516373404257088	0.260679505826432
0.694470195930121	0.496396181363055
0.643183174023351	0.490859871577369
0.0938572272715192	0.0593046827824496
0.308658697831306	0.241041929675479
0.71179861924228	1.34968210222088
-0.16802487864234	0.156601767556105
0.263762456253158	0.257849712784209
-0.0608487265297738	0.0536087504825717
0.106622688739412	0.104301633571437
0.121940683234695	0.0956559120325583
0.609909072062221	0.638087076319984
0.464024429777103	0.43084289301564
0.428147510306993	0.429337052002401
0.196189504342124	0.175495368484451
0.431755896313905	0.42788456120863
0.361883882190085	0.413895678582296
-0.420509147515	0.415557887522247
0.679493680812929	0.840206253813105
0.632636966672321	0.93332974447692
-0.1199929476084	0.0927074335705917
-0.149245664581498	0.165586998819241
0.109211318298827	0.133274216676353
-0.0223944604270167	0.0292234144673018
-0.16131070582744	0.120947841068122
-0.192562160772465	0.160440759976582
0.253627172423936	0.408159880031129
0.0898860743257916	0.115026514000712
0.43486811437119	0.770095244131106
0.0149573911513934	0.0153546051077741
0.166615021016731	0.241474874849183
-0.0226664197558581	0.0266494528066001
0.634677978051097	0.810966232359539
0.114695355789594	0.0837628046961271
-0.0169229746454433	0.0202842397331185
0.013443421814573	0.0157784660614303
0.192464250632068	0.208886831404701
0.28293390700173	0.329083350460183
0.0244225091026648	0.0204054074459654
-0.073944075064924	0.0592477589060216
-0.407104322802432	0.458227754981909
0.301369448922335	0.43129745824829
-0.206202429585578	0.275702134207188
0.371099172375359	0.409567372683104
-0.551783200911707	0.673025318919322
0.241914370659196	0.308063279655583
0.20796775453997	0.249106061800739
0.0904699313169161	0.0803482889274399
0.189310354381649	0.184318682682617
0.397322930049109	0.503994789836267
0.15630078538396	0.179202743818446
0.723960348490482	0.964959080537361
-0.518309495914985	0.534033419449012
0.493303440856552	0.715323815778433
0.150822754713628	0.173708068659408
0.66603139308643	0.974595388816315
0.499307644654435	0.77310042290299
0.362621095507343	0.146675067583003
1.02746801755258	0.861842908154519
-0.2136847226931	0.155107527942831
0.402820918596104	0.350081816408958
1.02066821200797	1.47729234605145
0.705933575001927	0.786860525052497
-0.384309012319249	0.352507536447508
0.963003070563181	0.762441311544897
0.234806221961735	0.131909251757834
0.0334845204229266	0.0243407449500177
-0.42553794799132	0.262868544107155
-0.884115521450616	0.700079542288324
0.735312101499512	0.311861779805106
0.521988792302724	0.268514362548403
-0.183537098388848	0.0751667537490458
0.352859120494269	0.14056512801732
1.4045502103863	0.47447828268478
0.215873959530129	0.128879192014606
1.00934032574276	0.654339408745502
1.94093572776125	1.67127944579485
1.25215754070218	0.563676977699684
0.363309380402154	0.241649398280971
0.315755302531485	0.130962080119405
0.388745108730501	0.246547884829709
-1.46626618634165	2.56266167551139
0.214223087110534	0.185291512620472
-0.156342280991122	0.133510375419127
-0.334892340086016	0.246928147542439
1.16697875841115	0.750318022464622
-0.319774331219537	0.218033034253441
0.416902001823138	0.436612359908705
1.0450919875814	0.979452594451507
-0.125057192636158	0.0583926019481719
1.76566684103307	0.699146616486675
1.19568529881238	0.646681458872903
0.405214859149268	0.307515028089512
-0.0736052742746718	0.0597504710458831
0.0367928884672982	0.0270820290582097
-0.0461332294279998	0.0334025811668282
1.37718001544889	0.799113646741955
-1.31880696160785	0.991690282454847
0.593937518834828	0.656677641343719
-0.762502053022771	0.530956282406729
0.804074150798794	0.385970136974915
0.570922323718015	0.373594425655821
-0.234689719909187	0.0903744426415742
0.977110571262862	0.463985544766666
1.4923415776981	0.76659873354307
0.87103640741782	0.549651620545827
1.68928626857895	0.925743570606459
0.209147468375873	0.156499334835175
0.0705411755175499	0.035134962199678
0.342145141599624	0.241361848927701
0.105086139288341	0.0659730849933984
-0.17307733265765	0.125078976636579
-0.236849296656364	0.183564658922274
0.0704805855220749	0.0352935159049588
-1.07675379795129	0.536528949827673
-1.35966740970982	0.650260282593536
0.809046244396011	0.424444689032444
-0.297802188691373	0.0961874465163195
0.063233916534657	0.0238838361123592
0.272055162798974	0.223652838943479
0.640168566533178	0.470775606087137
1.17495517461502	0.737853384706226
0.416095763327638	0.24862254303294
1.14462124220354	1.00057139126915
0.560273060597288	0.468527445441002
-0.00981662075475364	0.00597173311954135
-0.059455154551886	0.0423803801498917
-0.532767323573075	0.56738494684224
0.326676678022623	0.356522759340199
0.272598528937144	0.25437050189903
-0.56831219254058	0.607591510330783
0.118429542349446	0.0888241028385029
-0.260279822906608	0.207968651144403
0.098646289848407	0.0634577451961423
-0.160835714055817	0.100291473190022
-0.966091405891425	0.875538786699379
-0.0828526824801212	0.055170661577197
-0.166615209067133	0.106434016704267
0.262951579225104	0.122246589063355
-0.478541572120562	0.206546786354545
-0.254647951210016	0.196085902198646
0.562508538827797	0.478640750736176
0.222421332908184	0.134071263424865
0.766097781882781	0.62714801955528
-0.0580210662869448	0.0410464616387596
0.257536730907326	0.244671681823556
-0.11898019404005	0.12273778470596
0.126455265806511	0.0978461595197482
-0.376686353293441	0.341327306613133
0.139385646926502	0.117015424418838
0.12028134685653	0.0853026808093545
0.127932842266274	0.108518208088756
0.208971036262868	0.145984768265161
0.358202180716458	0.343602782419298
-0.291388614042734	0.225808573818727
1.06398122111389	1.09842273184889
0.378645834944781	0.329834949584975
0.660676439183997	0.573822663956261
0.219918905926343	0.165564226448802
0.366572386156739	0.248035271002865
0.491389067432019	0.588564593891584
0.752404032733391	0.940019332097591
1.16988192416435	1.78790015459417
0.574950889682071	0.546560471562103
0.219415375448368	0.169474488115541
0.269703274734615	0.261052200848556
0.0621198819233495	0.0613103348423484
0.505142122886109	0.620683225793241
0.104090049711755	0.0723665819853502
0.0481377383075336	0.0350202829714597
0.687485760402733	0.712849744694972
-0.779340148186575	0.782669766870126
0.196660316001791	0.158302042472317
-0.500443773426641	0.497450588919228
0.415671524976144	0.423785985381689
0.17839808251557	0.137732651703541
0.784686908596989	1.33777320527332
0.901489663499923	1.26076535304715
0.0481103953963957	0.0489391537924638
0.123444170383634	0.153514149015823
0.639396588936267	0.750833626203607
-0.273969680829767	0.215837532946467
-0.526036701884802	0.612478763199113
-0.332200289633714	0.373390763798103
-0.583287902958088	0.748384800351168
-0.574151114063409	0.625799597820391
0.137570613440513	0.129962631475402
0.72926668984074	0.956523192096577
0.131484197232087	0.109151332818424
0.344825187539095	0.345646213785086
0.127373766750581	0.0977068668259786
0.342421262466744	0.341535461720981
-0.865710838023746	0.875929323397428
-0.0256590705683435	0.0152827734217543
0.933278402010292	0.821524837485115
-0.464026930186986	0.366250628118866
0.218395106125776	0.128134209568902
-0.128338032557837	0.060279394201579
0.228020973201427	0.153305748186678
0.0778166340290848	0.0461241384045633
0.838288004677926	0.657383952500779
0.239443242921238	0.132949486923338
0.602347648564855	0.559739039881787
0.482229638530528	0.53086898993092
-0.496756908795236	0.482531198546799
0.460574628897706	0.353144357009404
-0.115736828549494	0.0566363298767453
-1.17595138146102	0.813933571285292
0.0675890863667734	0.0311886149548806
0.456823375726086	0.24991402080134
-0.753658624061949	0.513559007847882
2.68832508371622	3.51072534116056
0.336346954992872	0.237348678007434
-0.514266182731426	0.392940863960694
0.576894406976057	0.36550727583047
0.650394323578755	0.682116300333381
0.215201146252547	0.158624022345595
0.767325424015344	0.519106605236359
-0.000605950920763155	0.000314842809551702
-0.777457788666204	0.611505054070832
-1.04467708878552	0.650799887794066
-1.5866620346717	0.566322475852577
0.551820973601454	0.348209904845437
-1.06485585576029	0.562827830998315
1.19225845362902	0.647227836665191
2.04352678313402	0.92592198017134
0.313573767886825	0.136398301166867
0.627464222977562	0.388288727700381
0.0658646211722389	0.021819092030989
0.708147769065486	0.50270750658265
0.37971044064887	0.238720076690207
-0.20892315972949	0.146508154334481
0.0585687778804202	0.0468815911964563
-0.652189838097916	0.628222680747233
0.641844074879468	0.502809675960756
0.0816761444070504	0.0236751332815004
0.0665440340296314	0.0252931560636775
1.53471594949067	0.931138069838795
0.361871781065145	0.145394886985085
0.962657904739437	0.373934734747675
-0.234900877149612	0.0894027213938144
0.2544118030479	0.131657546670586
0.0922125094541406	0.0588387934337249
0.100267847118174	0.0627080519656967
-0.201965204901653	0.124212522631739
2.66192335933199	1.60407417693606
0.394756613993222	0.33732962148895
0.101355549435611	0.0681489629106366
0.618734446519002	0.386544271800609
0.242704930207182	0.118439353125086
-0.0921389566807214	0.0470201982665604
0.908018362853185	0.240274060282625
2.66664433347642	1.64623017746052
1.7841010167127	2.40291074554602
0.593857802607656	0.693424416292648
0.508331570589984	0.442238374541959
0.213557680253189	0.124828689618079
0.379899285729485	0.23796324921659
0.430040039898758	0.429899249420859
0.752620373465738	0.628357936185853
0.86341137235664	0.555217461599008
0.977110571262862	0.463985544766666
0.359322042944014	0.141621264762556
0.111254822074604	0.0276407925439844
0.820078556337211	0.671640251045666
0.524408538150162	0.356364285313475
0.74589146285672	0.308303730784552
0.513305371908653	0.615315862740049
-0.00629796245320409	0.00385681954396789
0.0687755315559517	0.0311243479137434
-0.875029897371353	0.490082075461629
0.50570171703856	0.545172450137337
0.950120948306405	1.11473290120691
-0.676992490635548	0.492844996063428
0.246956077624795	0.123646881167026
2.05225629073754	0.892207785409793
1.68270688554303	1.24050546217809
0.98295481169634	0.483848276456898
0.732562132036822	0.281929937287568
0.872442676111921	0.811523195144302
0.282311971368608	0.247515793464373
0.474307410823189	0.434728728293227
-0.429780609732495	0.317582560960459
-0.276215943749202	0.149256848246021
0.927319626868382	1.18184640912273
-0.579980996104902	0.538094435342184
0.358425205384566	0.140795432120591
0.443943707209459	0.155013861764194
1.48157627771163	0.699983615827789
1.86899792874729	1.08302012415986
0.817633286811483	0.440000422425588
0.212454081260913	0.153492498941184
0.059745376132682	0.0247105548139964
-1.03718139040347	0.661008756719922
-0.303630246580977	0.280301452868082
0.218485442114279	0.139731252610723
-1.41707489508739	0.908112721409215
0.0702390098186818	0.0202170713111339
1.48753419821393	0.760460836454544
0.390600947518538	0.400490592189381
-0.106629912403822	0.0704256729928474
-0.327246522756961	0.165989231646187
-0.404458981742099	0.181402433073265
-0.678402149977319	0.733314751055539
0.0984419982813043	0.0658189725486615
-0.851183837076142	0.374584578097752
0.0847361917709397	0.0251551661851849
0.0653213003004686	0.029411868802783
1.54381916822077	1.0176635721461
1.76150924327536	0.69761163642514
0.0547971315176763	0.0422506079381188
-0.883627489844634	0.764179050587731
-1.33140839836023	0.889512446069323
-0.140270023909853	0.0634565992972878
0.078129344329707	0.0655137209671585
-0.473342140206469	0.37362146168006
1.15050721713995	0.904647433617662
1.40701221931372	0.47203606268307
0.312683225516699	0.135186300045544
0.0689132637290109	0.0230863993335135
0.589473409918036	0.552221659663833
-0.168229798891586	0.124364403125948
-1.28008593409844	1.29562999085629
0.324310208678994	0.232347451901058
-1.58528309820993	2.53994766188016
-0.420448023788357	0.346702605781406
0.230935307272999	0.128581625954603
0.0625814891670078	0.0232361784755222
0.516430198458122	0.54041617915052
0.453877063905832	0.345248423211334
-0.645674686656836	0.594564768710037
-0.540961112549269	0.878935930607787
0.376441111189472	0.390388189330961
0.481549926772938	0.336736782302654
0.372257581824793	0.137600400275604
0.511913760001184	0.257174825088047
0.354795011135383	0.230565130081892
0.0107295298048791	0.00980700064226687
0.272461975797806	0.248603190317421
-0.677204858377442	0.758645341446143
-0.185337545405731	0.197902094584769
0.621590700091912	0.751135279982707
-1.07984817170525	1.30366405992809
-0.734282962772289	0.43866823125281
-0.452778405679397	0.388412274195488
0.0572973158098707	0.0274632439738811
0.0705292218378904	0.0731413690761296
0.492592494186889	0.806384969825333
0.124443334713788	0.137393601793416
0.677378852346777	1.08210118428344
0.11009931589211	0.119137789308185
0.262903622097908	0.401342993091458
-0.482676652352645	0.883683626430628
-0.12282783115801	0.105904374915728
0.154059474922789	0.145957752999693
-0.00989150149306141	0.00944418948886213
-0.0369435740829351	0.0411916005530564
0.232863605065147	0.32914028771195
0.362811188588666	0.580101263600497
0.570708312923048	0.821629879198085
0.320812066088379	0.432660092568609
0.440590496743504	0.747562047614991
-0.165102397160597	0.218318473185282
-0.00493591921390432	0.00515395786613714
-0.0638869265027881	0.0588413349392407
0.207970959606639	0.209504700070081
-0.538270418049909	0.675878565242033
-0.116839020917262	0.152813446282142
0.0856779169836135	0.122152150202525
-0.438784193703136	0.525348168109285
-1.03652496090078	1.49560986765701
0.16605605816536	0.236131231763372
0.263693175128346	0.440823066996113
0.349874023797505	0.669938585748927
0.53287601051251	1.10660466872343
0.0254204262795863	0.0273327935115667
0.244317904987882	0.366027720860202
-0.106643094037246	0.117054486271316
0.666830827814893	0.783520043435214
1.30409769735615	1.68821728200843
0.999250715189026	1.87898879909703
0.168644602770342	0.276216490321974
0.071056834701336	0.060249083077814
-0.136218093429703	0.104697207870047
0.374966276530621	0.601191715301401
0.162867708798897	0.265857431411946
0.173162201108272	0.217162487122573
0.168162223944043	0.206226835192213
0.545540593122085	0.636462141101794
0.0995201852574362	0.0663630882232719
-0.0022321562952507	0.00170253214143167
0.0801790674650831	0.100550276098024
0.0184919197761541	0.0241036025273415
0.0655198891202773	0.0757987400291165
-0.065911245503303	0.0677534388398302
0.675049930059649	1.08800294137475
0.517936929189234	0.621064438705317
0.923154995903031	1.34814015584058
0.0900495878230904	0.0541295395252241
0.0731917865642326	0.0636512621068634
0.0913505829536375	0.0547075991526925
-0.0501656671656278	0.0363439539446411
0.013413984294731	0.0127797942330512
0.163257102656331	0.183739866344303
0.85147465662967	1.22050767323306
0.110258963788235	0.0716987715594064
0.356910591894187	0.233996079117204
-0.0479445590429638	0.0346059128360659
1.14501114146848	0.908625931921154
0.685142686132997	0.832225340335855
0.577838630794865	0.480033607065004
0.195221722226847	0.191541272373245
-0.0981870318324575	0.086747734777588
0.188763031529715	0.150538581709906
0.687806509984307	0.93589016119493
0.702467038223339	0.808159670326273
0.397882581585849	0.341733235983814
-0.211397935149163	0.191974720748514
-0.0115999758534452	0.0100534602660869
0.313274775645635	0.315480718912574
0.192628977513269	0.206552254353129
0.0334994312256781	0.036184555910994
0.06446175429467	0.0653144336230195
0.598438219037791	0.574348573928208
-0.0552325540704609	0.0314649343970087
-0.0344046347755156	0.0251635850354379
0.478009699637451	0.537188341083735
0.147904101959131	0.131844013293894
0.0906229289497336	0.0554013172948229
0.205221649033441	0.149219821777014
0.356829063249853	0.348257042235425
0.0160754962835649	0.0129556005832227
