xmin	xmax	ymin	ymax	showSelected1	row_in_group	na_group
-44.45	-43.55	-2.80612039460439	0	11150,0	2	1
-43.45	-42.55	-2.09583249446346	0	11150,0	3	1
-42.45	-41.55	-3.12381719347695	0	11150,0	4	1
-41.45	-40.55	-0.109925508355144	0	11150,0	5	1
-40.45	-39.55	-1.32635393597745	0	11150,0	6	1
-39.45	-38.55	-3.13066237165291	0	11150,0	7	1
-38.45	-37.55	-0.535131870344272	0	11150,0	8	1
-37.45	-36.55	-1.1918663176968	0	11150,0	9	1
-36.45	-35.55	-0.477551842158244	0	11150,0	10	1
-31.45	-30.55	-0.0539561103281659	0	11150,0	15	5
-28.45	-27.55	-0.228709482585061	0	11150,0	18	7
-22.45	-21.55	-0.0986510972417959	0	11150,0	24	12
-20.45	-19.55	-0.157439098047111	0	11150,0	26	13
-18.45	-17.55	-0.214616468693376	0	11150,0	28	14
-17.45	-16.55	-1.17777330380511	0	11150,0	29	14
-16.45	-15.55	-0.564928528286692	0	11150,0	30	14
-15.45	-14.55	-0.504529897322327	0	11150,0	31	14
-14.45	-13.55	-2.35393597745118	0	11150,0	32	14
-13.45	-12.55	-0.72357559895309	0	11150,0	33	14
-12.45	-11.55	-0.00281860277833702	0	11150,0	34	14
-11.45	-10.55	-1.39279243003825	0	11150,0	35	14
-10.45	-9.55	-0.628145762029394	0	11150,0	36	14
-9.45	-8.55	-0.629756392188444	0	11150,0	37	14
-8.45	-7.55	-3.32514596335816	0	11150,0	38	14
-5.45	-4.55	-1.61707267968593	0	11150,0	41	16
-4.45	-3.55	-2.12401852224683	0	11150,0	42	16
-3.45	-2.55	-5.05979464465472	0	11150,0	43	16
-2.45	-1.55	-2.68975236561305	0	11150,0	44	16
-1.45	-0.55	-1.87316287497483	0	11150,0	45	16
-0.45	0.45	-0.525065431850211	0	11150,0	46	16
1.55	2.45	-0.8874572176364	0	11150,0	48	17
2.55	3.45	-1.63036037849809	0	11150,0	49	17
3.55	4.45	-1.79142339440306	0	11150,0	50	17
-44.45	-43.55	-2.80612039460439	0	11150,50	51	17
-43.45	-42.55	-2.09583249446346	0	11150,50	52	17
-42.45	-41.55	-3.12381719347695	0	11150,50	53	17
-41.45	-40.55	-0.109925508355144	0	11150,50	54	17
-40.45	-39.55	-1.32635393597745	0	11150,50	55	17
-39.45	-38.55	-3.13066237165291	0	11150,50	56	17
-38.45	-37.55	-0.535131870344272	0	11150,50	57	17
-37.45	-36.55	-1.1918663176968	0	11150,50	58	17
-36.45	-35.55	-0.477551842158244	0	11150,50	59	17
-31.45	-30.55	-0.0539561103281659	0	11150,50	64	21
-28.45	-27.55	-0.228709482585061	0	11150,50	67	23
-22.45	-21.55	-0.0986510972417959	0	11150,50	73	28
-20.45	-19.55	-0.157439098047111	0	11150,50	75	29
-18.45	-17.55	-0.214616468693376	0	11150,50	77	30
-17.45	-16.55	-1.17777330380511	0	11150,50	78	30
-16.45	-15.55	-0.564928528286692	0	11150,50	79	30
-15.45	-14.55	-0.504529897322327	0	11150,50	80	30
-14.45	-13.55	-2.35393597745118	0	11150,50	81	30
-13.45	-12.55	-0.72357559895309	0	11150,50	82	30
-12.45	-11.55	-0.00281860277833702	0	11150,50	83	30
-11.45	-10.55	-1.39279243003825	0	11150,50	84	30
-10.45	-9.55	-0.628145762029394	0	11150,50	85	30
-9.45	-8.55	-0.629756392188444	0	11150,50	86	30
-8.45	-7.55	-3.32514596335816	0	11150,50	87	30
-5.45	-4.55	-1.61707267968593	0	11150,50	90	32
-4.45	-3.55	-2.12401852224683	0	11150,50	91	32
-3.45	-2.55	-5.05979464465472	0	11150,50	92	32
-2.45	-1.55	-2.68975236561305	0	11150,50	93	32
-1.45	-0.55	-1.87316287497483	0	11150,50	94	32
-0.45	0.45	-0.525065431850211	0	11150,50	95	32
1.55	2.45	-0.8874572176364	0	11150,50	97	33
2.55	3.45	-1.63036037849809	0	11150,50	98	33
3.55	4.45	-1.79142339440306	0	11150,50	99	33
-45.45	-44.55	-1.05939198711496	0	11200,50	100	33
-44.45	-43.55	-3.05093617877995	0	11200,50	101	33
-43.45	-42.55	-2.82464264143346	0	11200,50	102	33
-42.45	-41.55	-3.38111536138514	0	11200,50	103	33
-41.45	-40.55	-1.82242802496477	0	11200,50	104	33
-40.45	-39.55	-0.0889873162874975	0	11200,50	105	33
-36.45	-35.55	-1.4266156633783	0	11200,50	109	36
-35.45	-34.55	-1.06502919267163	0	11200,50	110	36
-34.45	-33.55	-0.28145762029394	0	11200,50	111	36
-32.45	-31.55	-0.337427018320918	0	11200,50	113	37
-31.45	-30.55	-0.258506140527481	0	11200,50	114	37
-30.45	-29.55	-0.0914032615260721	0	11200,50	115	37
-27.45	-26.55	0	0	11200,50	118	39
-26.45	-25.55	-0.703845379504731	0	11200,50	119	39
-25.45	-24.55	-0.371250251660962	0	11200,50	120	39
-24.45	-23.55	-0.596738473927924	0	11200,50	121	39
-23.45	-22.55	-1.53009865109724	0	11200,50	122	39
-22.45	-21.55	-0.0173142742097846	0	11200,50	123	39
-21.45	-20.55	-0.0173142742097846	0	11200,50	124	39
-19.45	-18.55	-0.78316891483793	0	11200,50	126	40
-18.45	-17.55	-1.42903160861687	0	11200,50	127	40
-17.45	-16.55	-1.18824239983894	0	11200,50	128	40
-16.45	-15.55	-4.27098852426012	0	11200,50	129	40
-15.45	-14.55	-1.38836319710087	0	11200,50	130	40
-14.45	-13.55	-0.578618884638615	0	11200,50	131	40
-13.45	-12.55	-0.837930340245621	0	11200,50	132	40
-12.45	-11.55	-1.05335212401852	0	11200,50	133	40
-11.45	-10.55	-0.818602778337024	0	11200,50	134	40
-10.45	-9.55	-0.330179182605194	0	11200,50	135	40
-0.45	0.45	-0.162673646064023	0	11200,50	136	40
0.55	1.45	-0.273807127038454	0	11200,50	137	40
2.55	3.45	-0.202134084960741	0	11200,50	139	41
3.55	4.45	-0.106704248037045	0	11200,50	140	41
4.55	5.45	-1.62633380310046	0	11200,50	141	41
-45.45	-44.55	-1.05939198711496	0	11200,100	142	41
-44.45	-43.55	-3.05093617877995	0	11200,100	143	41
-43.45	-42.55	-2.82464264143346	0	11200,100	144	41
-42.45	-41.55	-3.38111536138514	0	11200,100	145	41
-41.45	-40.55	-1.82242802496477	0	11200,100	146	41
-40.45	-39.55	-0.0889873162874975	0	11200,100	147	41
-36.45	-35.55	-1.4266156633783	0	11200,100	151	44
-35.45	-34.55	-1.06502919267163	0	11200,100	152	44
-34.45	-33.55	-0.28145762029394	0	11200,100	153	44
-32.45	-31.55	-0.337427018320918	0	11200,100	155	45
-31.45	-30.55	-0.258506140527481	0	11200,100	156	45
-30.45	-29.55	-0.0914032615260721	0	11200,100	157	45
-27.45	-26.55	0	0	11200,100	160	47
-26.45	-25.55	-0.703845379504731	0	11200,100	161	47
-25.45	-24.55	-0.371250251660962	0	11200,100	162	47
-24.45	-23.55	-0.596738473927924	0	11200,100	163	47
-23.45	-22.55	-1.53009865109724	0	11200,100	164	47
-22.45	-21.55	-0.0173142742097846	0	11200,100	165	47
-21.45	-20.55	-0.0173142742097846	0	11200,100	166	47
-19.45	-18.55	-0.78316891483793	0	11200,100	168	48
-18.45	-17.55	-1.42903160861687	0	11200,100	169	48
-17.45	-16.55	-1.18824239983894	0	11200,100	170	48
-16.45	-15.55	-4.27098852426012	0	11200,100	171	48
-15.45	-14.55	-1.38836319710087	0	11200,100	172	48
-14.45	-13.55	-0.578618884638615	0	11200,100	173	48
-13.45	-12.55	-0.837930340245621	0	11200,100	174	48
-12.45	-11.55	-1.05335212401852	0	11200,100	175	48
-11.45	-10.55	-0.818602778337024	0	11200,100	176	48
-10.45	-9.55	-0.330179182605194	0	11200,100	177	48
-0.45	0.45	-0.162673646064023	0	11200,100	178	48
0.55	1.45	-0.273807127038454	0	11200,100	179	48
2.55	3.45	-0.202134084960741	0	11200,100	181	49
3.55	4.45	-0.106704248037045	0	11200,100	182	49
4.55	5.45	-1.62633380310046	0	11200,100	183	49
-44.45	-43.55	-2.11797865915039	0	11250,100	184	49
-43.45	-42.55	-2.69780551640829	0	11250,100	185	49
-42.45	-41.55	-1.66780752969599	0	11250,100	186	49
-41.45	-40.55	-2.08214213811154	0	11250,100	187	49
-40.45	-39.55	-1.76364002415945	0	11250,100	188	49
-39.45	-38.55	-4.03180994564123	0	11250,100	189	49
-38.45	-37.55	-0.263338031004631	0	11250,100	190	49
-37.45	-36.55	-1.6291524058788	0	11250,100	191	49
-34.45	-33.55	-0.234346688141736	0	11250,100	194	51
-33.45	-32.55	-0.444131266357963	0	11250,100	195	51
-32.45	-31.55	-3.09240990537548	0	11250,100	196	51
-31.45	-30.55	-0.331789812764244	0	11250,100	197	51
-30.45	-29.55	-1.31226092208577	0	11250,100	198	51
-29.45	-28.55	-7.07992752164284	0	11250,100	199	51
-28.45	-27.55	-0.230320112744111	0	11250,100	200	51
-27.45	-26.55	-3.21481779746326	0	11250,100	201	51
-26.45	-25.55	-3.46285484195692	0	11250,100	202	51
-25.45	-24.55	-1.66861284477552	0	11250,100	203	51
-24.45	-23.55	-0.943426615663378	0	11250,100	204	51
-23.45	-22.55	-1.65009059794645	0	11250,100	205	51
-22.45	-21.55	-0.452989732232736	0	11250,100	206	51
-20.45	-19.55	-3.84417153211194	0	11250,100	208	52
-19.45	-18.55	-5.25548620897926	0	11250,100	209	52
-18.45	-17.55	-0.998590698610831	0	11250,100	210	52
-17.45	-16.55	-1.52003221260318	0	11250,100	211	52
-1.45	-0.55	-0.0736863297765251	0	11250,100	227	67
-0.45	0.45	-1.20636198912825	0	11250,100	228	67
0.55	1.45	-1.7310247634387	0	11250,100	229	67
1.55	2.45	-1.22609220857661	0	11250,100	230	67
2.55	3.45	-0.0994564123213207	0	11250,100	231	67
-44.45	-43.55	-2.11797865915039	0	11250,150	233	68
-43.45	-42.55	-2.69780551640829	0	11250,150	234	68
-42.45	-41.55	-1.66780752969599	0	11250,150	235	68
-41.45	-40.55	-2.08214213811154	0	11250,150	236	68
-40.45	-39.55	-1.76364002415945	0	11250,150	237	68
-39.45	-38.55	-4.03180994564123	0	11250,150	238	68
-38.45	-37.55	-0.263338031004631	0	11250,150	239	68
-37.45	-36.55	-1.6291524058788	0	11250,150	240	68
-34.45	-33.55	-0.234346688141736	0	11250,150	243	70
-33.45	-32.55	-0.444131266357963	0	11250,150	244	70
-32.45	-31.55	-3.09240990537548	0	11250,150	245	70
-31.45	-30.55	-0.331789812764244	0	11250,150	246	70
-30.45	-29.55	-1.31226092208577	0	11250,150	247	70
-29.45	-28.55	-7.07992752164284	0	11250,150	248	70
-28.45	-27.55	-0.230320112744111	0	11250,150	249	70
-27.45	-26.55	-3.21481779746326	0	11250,150	250	70
-26.45	-25.55	-3.46285484195692	0	11250,150	251	70
-25.45	-24.55	-1.66861284477552	0	11250,150	252	70
-24.45	-23.55	-0.943426615663378	0	11250,150	253	70
-23.45	-22.55	-1.65009059794645	0	11250,150	254	70
-22.45	-21.55	-0.452989732232736	0	11250,150	255	70
-20.45	-19.55	-3.84417153211194	0	11250,150	257	71
-19.45	-18.55	-5.25548620897926	0	11250,150	258	71
-18.45	-17.55	-0.998590698610831	0	11250,150	259	71
-17.45	-16.55	-1.52003221260318	0	11250,150	260	71
-1.45	-0.55	-0.0736863297765251	0	11250,150	276	86
-0.45	0.45	-1.20636198912825	0	11250,150	277	86
0.55	1.45	-1.7310247634387	0	11250,150	278	86
1.55	2.45	-1.22609220857661	0	11250,150	279	86
2.55	3.45	-0.0994564123213207	0	11250,150	280	86
-44.45	-43.55	-0.490839540970405	0	11300,150	283	88
-42.45	-41.55	-0.0140930138916851	0	11300,150	285	89
-41.45	-40.55	-0.150191262331387	0	11300,150	286	89
-40.45	-39.55	-0.530702637406886	0	11300,150	287	89
-39.45	-38.55	-1.08596738473928	0	11300,150	288	89
-38.45	-37.55	-0.135292933360177	0	11300,150	289	89
-37.45	-36.55	-1.17938393396416	0	11300,150	290	89
-36.45	-35.55	-1.85786188846386	0	11300,150	291	89
-35.45	-34.55	-2.78639017515603	0	11300,150	292	89
-34.45	-33.55	-0.612442117978659	0	11300,150	293	89
-33.45	-32.55	-0.424401046909603	0	11300,150	294	89
-31.45	-30.55	-1.14998993356151	0	11300,150	296	90
-29.45	-28.55	-0.404670827461244	0	11300,150	298	91
-28.45	-27.55	-2.47674652707872	0	11300,150	299	91
-27.45	-26.55	-0.316891483793034	0	11300,150	300	91
-26.45	-25.55	-0.899536943829273	0	11300,150	301	91
-24.45	-23.55	-1.40688544392994	0	11300,150	303	92
-23.45	-22.55	-2.59029595329173	0	11300,150	304	92
-22.45	-21.55	-0.303603784980874	0	11300,150	305	92
-21.45	-20.55	-0.114757398832293	0	11300,150	306	92
-20.45	-19.55	-1.15280853633984	0	11300,150	307	92
-19.45	-18.55	-0.651097241795853	0	11300,150	308	92
-14.45	-13.55	-0.0450976444533924	0	11300,150	313	96
-11.45	-10.55	-0.378095429836924	0	11300,150	316	98
-10.45	-9.55	-0.459432252868935	0	11300,150	317	98
-8.45	-7.55	-0.228709482585061	0	11300,150	319	99
-7.45	-6.55	-0.118783974229917	0	11300,150	320	99
-5.45	-4.55	-0.0736863297765251	0	11300,150	322	100
-4.45	-3.55	-2.12079726192873	0	11300,150	323	100
-3.45	-2.55	-1.43547412925307	0	11300,150	324	100
-2.45	-1.55	-0.425206361989128	0	11300,150	325	100
-1.45	-0.55	-0.109925508355144	0	11300,150	326	100
-0.45	0.45	-1.31105294946648	0	11300,150	327	100
0.55	1.45	-0.775115764042682	0	11300,150	328	100
1.55	2.45	-1.2647473323938	0	11300,150	329	100
2.55	3.45	-0.545600966378095	0	11300,150	330	100
3.55	4.45	-0.672438091403262	0	11300,150	331	100
-44.45	-43.55	-0.490839540970405	0	11300,200	334	102
-42.45	-41.55	-0.0140930138916851	0	11300,200	336	103
-41.45	-40.55	-0.150191262331387	0	11300,200	337	103
-40.45	-39.55	-0.530702637406886	0	11300,200	338	103
-39.45	-38.55	-1.08596738473928	0	11300,200	339	103
-38.45	-37.55	-0.135292933360177	0	11300,200	340	103
-37.45	-36.55	-1.17938393396416	0	11300,200	341	103
-36.45	-35.55	-1.85786188846386	0	11300,200	342	103
-35.45	-34.55	-2.78639017515603	0	11300,200	343	103
-34.45	-33.55	-0.612442117978659	0	11300,200	344	103
-33.45	-32.55	-0.424401046909603	0	11300,200	345	103
-31.45	-30.55	-1.14998993356151	0	11300,200	347	104
-29.45	-28.55	-0.404670827461244	0	11300,200	349	105
-28.45	-27.55	-2.47674652707872	0	11300,200	350	105
-27.45	-26.55	-0.316891483793034	0	11300,200	351	105
-26.45	-25.55	-0.899536943829273	0	11300,200	352	105
-24.45	-23.55	-1.40688544392994	0	11300,200	354	106
-23.45	-22.55	-2.59029595329173	0	11300,200	355	106
-22.45	-21.55	-0.303603784980874	0	11300,200	356	106
-21.45	-20.55	-0.114757398832293	0	11300,200	357	106
-20.45	-19.55	-1.15280853633984	0	11300,200	358	106
-19.45	-18.55	-0.651097241795853	0	11300,200	359	106
-14.45	-13.55	-0.0450976444533924	0	11300,200	364	110
-11.45	-10.55	-0.378095429836924	0	11300,200	367	112
-10.45	-9.55	-0.459432252868935	0	11300,200	368	112
-8.45	-7.55	-0.228709482585061	0	11300,200	370	113
-7.45	-6.55	-0.118783974229917	0	11300,200	371	113
-5.45	-4.55	-0.0736863297765251	0	11300,200	373	114
-4.45	-3.55	-2.12079726192873	0	11300,200	374	114
-3.45	-2.55	-1.43547412925307	0	11300,200	375	114
-2.45	-1.55	-0.425206361989128	0	11300,200	376	114
-1.45	-0.55	-0.109925508355144	0	11300,200	377	114
-0.45	0.45	-1.31105294946648	0	11300,200	378	114
0.55	1.45	-0.775115764042682	0	11300,200	379	114
1.55	2.45	-1.2647473323938	0	11300,200	380	114
2.55	3.45	-0.545600966378095	0	11300,200	381	114
3.55	4.45	-0.672438091403262	0	11300,200	382	114
-38.45	-37.55	-0.580229514797665	0	11350,200	390	121
-35.45	-34.55	-0.758606804912422	0	11350,200	393	123
-30.45	-29.55	-0.062411918663177	0	11350,200	398	127
-28.45	-27.55	-1.19347694785585	0	11350,200	400	128
-26.45	-25.55	-1.30219448359171	0	11350,200	402	129
-25.45	-24.55	-1.32917253875579	0	11350,200	403	129
-24.45	-23.55	-3.07831689148379	0	11350,200	404	129
-23.45	-22.55	-0.0088584658747735	0	11350,200	405	129
-22.45	-21.55	-2.57298167908194	0	11350,200	406	129
-21.45	-20.55	-0.212200523454802	0	11350,200	407	129
-20.45	-19.55	-2.54761425407691	0	11350,200	408	129
-19.45	-18.55	-0.170324139319509	0	11350,200	409	129
-18.45	-17.55	-1.33480974431246	0	11350,200	410	129
-17.45	-16.55	-1.56955908999396	0	11350,200	411	129
-16.45	-15.55	-1.88081336823032	0	11350,200	412	129
-15.45	-14.55	-1.05737869941615	0	11350,200	413	129
-12.45	-11.55	-0.0128850412723978	0	11350,200	416	131
-6.45	-5.55	-0.142138111536139	0	11350,200	422	136
-4.45	-3.55	-0.991342862895108	0	11350,200	424	137
-2.45	-1.55	-0.0261727400845581	0	11350,200	426	138
-38.45	-37.55	-0.580229514797665	0	11350,250	439	150
-35.45	-34.55	-0.758606804912422	0	11350,250	442	152
-30.45	-29.55	-0.062411918663177	0	11350,250	447	156
-28.45	-27.55	-1.19347694785585	0	11350,250	449	157
-26.45	-25.55	-1.30219448359171	0	11350,250	451	158
-25.45	-24.55	-1.32917253875579	0	11350,250	452	158
-24.45	-23.55	-3.07831689148379	0	11350,250	453	158
-23.45	-22.55	-0.0088584658747735	0	11350,250	454	158
-22.45	-21.55	-2.57298167908194	0	11350,250	455	158
-21.45	-20.55	-0.212200523454802	0	11350,250	456	158
-20.45	-19.55	-2.54761425407691	0	11350,250	457	158
-19.45	-18.55	-0.170324139319509	0	11350,250	458	158
-18.45	-17.55	-1.33480974431246	0	11350,250	459	158
-17.45	-16.55	-1.56955908999396	0	11350,250	460	158
-16.45	-15.55	-1.88081336823032	0	11350,250	461	158
-15.45	-14.55	-1.05737869941615	0	11350,250	462	158
-12.45	-11.55	-0.0128850412723978	0	11350,250	465	160
-6.45	-5.55	-0.142138111536139	0	11350,250	471	165
-4.45	-3.55	-0.991342862895108	0	11350,250	473	166
-2.45	-1.55	-0.0261727400845581	0	11350,250	475	167
-45.45	-44.55	-0.0217435071471713	0	11400,250	482	173
-37.45	-36.55	-1.67062613247433	0	11400,250	490	180
-36.45	-35.55	-0.365210388564526	0	11400,250	491	180
-34.45	-33.55	-0.352325347292128	0	11400,250	493	181
-33.45	-32.55	-1.87155224481578	0	11400,250	494	181
-32.45	-31.55	-1.10006039863096	0	11400,250	495	181
-31.45	-30.55	-0.344674854036642	0	11400,250	496	181
-18.45	-17.55	-0.118783974229917	0	11400,250	502	186
-16.45	-15.55	-0.519428226293537	0	11400,250	504	187
-15.45	-14.55	-3.22931346889471	0	11400,250	505	187
-14.45	-13.55	-0.900342258908798	0	11400,250	506	187
-12.45	-11.55	-0.0128850412723978	0	11400,250	508	188
-11.45	-10.55	-1.72377692772297	0	11400,250	509	188
-10.45	-9.55	-2.51822025367425	0	11400,250	510	188
-9.45	-8.55	-0.779544996980068	0	11400,250	511	188
-8.45	-7.55	-1.08637004227904	0	11400,250	512	188
-7.45	-6.55	-0.395007046506946	0	11400,250	513	188
-5.45	-4.55	-0.316488826253272	0	11400,250	515	189
-4.45	-3.55	-0.268572579021542	0	11400,250	516	189
-3.45	-2.55	-0.0306019730219448	0	11400,250	517	189
-1.45	-0.55	-0.077310247634387	0	11400,250	519	190
3.55	4.45	-1.02073686329777	0	11400,250	524	194
4.55	5.45	-0.330984497684719	0	11400,250	525	194
-45.45	-44.55	-0.0217435071471713	0	11400,300	526	194
-37.45	-36.55	-1.67062613247433	0	11400,300	534	201
-36.45	-35.55	-0.365210388564526	0	11400,300	535	201
-34.45	-33.55	-0.352325347292128	0	11400,300	537	202
-33.45	-32.55	-1.87155224481578	0	11400,300	538	202
-32.45	-31.55	-1.10006039863096	0	11400,300	539	202
-31.45	-30.55	-0.344674854036642	0	11400,300	540	202
-18.45	-17.55	-0.118783974229917	0	11400,300	546	207
-16.45	-15.55	-0.519428226293537	0	11400,300	548	208
-15.45	-14.55	-3.22931346889471	0	11400,300	549	208
-14.45	-13.55	-0.900342258908798	0	11400,300	550	208
-12.45	-11.55	-0.0128850412723978	0	11400,300	552	209
-11.45	-10.55	-1.72377692772297	0	11400,300	553	209
-10.45	-9.55	-2.51822025367425	0	11400,300	554	209
-9.45	-8.55	-0.779544996980068	0	11400,300	555	209
-8.45	-7.55	-1.08637004227904	0	11400,300	556	209
-7.45	-6.55	-0.395007046506946	0	11400,300	557	209
-5.45	-4.55	-0.316488826253272	0	11400,300	559	210
-4.45	-3.55	-0.268572579021542	0	11400,300	560	210
-3.45	-2.55	-0.0306019730219448	0	11400,300	561	210
-1.45	-0.55	-0.077310247634387	0	11400,300	563	211
3.55	4.45	-1.02073686329777	0	11400,300	568	215
4.55	5.45	-0.330984497684719	0	11400,300	569	215
-44.45	-43.55	-0.6688141735454	0	11450,300	570	215
-43.45	-42.55	-1.4930541574391	0	11450,300	571	215
-41.45	-40.55	-1.99838936984095	0	11450,300	573	216
-40.45	-39.55	-3.52365613046104	0	11450,300	574	216
-39.45	-38.55	-0.940205355345279	0	11450,300	575	216
-38.45	-37.55	-0.332997785383531	0	11450,300	576	216
-29.45	-28.55	-0.405073485001007	0	11450,300	585	224
-28.45	-27.55	-0.236359975840548	0	11450,300	586	224
-25.45	-24.55	-1.79867123011878	0	11450,300	589	226
-23.45	-22.55	-1.91181799879203	0	11450,300	591	227
-22.45	-21.55	-1.16569357761224	0	11450,300	592	227
-21.45	-20.55	-0.0261727400845581	0	11450,300	593	227
-18.45	-17.55	-0.0672438091403262	0	11450,300	596	229
-16.45	-15.55	-1.65733843366217	0	11450,300	598	230
-15.45	-14.55	-1.21924703040064	0	11450,300	599	230
-14.45	-13.55	-0.0193275619085967	0	11450,300	600	230
-13.45	-12.55	-0.216629756392188	0	11450,300	601	230
-12.45	-11.55	-0.0982484397020334	0	11450,300	602	230
-11.45	-10.55	-1.49708073283672	0	11450,300	603	230
-9.45	-8.55	-0.363197100865714	0	11450,300	605	231
-8.45	-7.55	-3.91181799879203	0	11450,300	606	231
-7.45	-6.55	-0.938997382725992	0	11450,300	607	231
-6.45	-5.55	-0.559291322730018	0	11450,300	608	231
-4.45	-3.55	-2.01167706865311	0	11450,300	610	232
-3.45	-2.55	-1.05456009663781	0	11450,300	611	232
-2.45	-1.55	-1.89329575196296	0	11450,300	612	232
-1.45	-0.55	-0.594725186229112	0	11450,300	613	232
-0.45	0.45	-0.409502717938393	0	11450,300	614	232
0.55	1.45	-0.692973625931146	0	11450,300	615	232
1.55	2.45	-1.90859673847393	0	11450,300	616	232
2.55	3.45	-2.31890477149185	0	11450,300	617	232
3.55	4.45	-3.51479766458627	0	11450,300	618	232
-45.45	-44.55	-1.05939198711496	0	11200,0	619	232
-44.45	-43.55	-3.05093617877995	0	11200,0	620	232
-43.45	-42.55	-2.82464264143346	0	11200,0	621	232
-42.45	-41.55	-3.38111536138514	0	11200,0	622	232
-41.45	-40.55	-1.82242802496477	0	11200,0	623	232
-40.45	-39.55	-0.0889873162874975	0	11200,0	624	232
-36.45	-35.55	-1.4266156633783	0	11200,0	628	235
-35.45	-34.55	-1.06502919267163	0	11200,0	629	235
-34.45	-33.55	-0.28145762029394	0	11200,0	630	235
-32.45	-31.55	-0.337427018320918	0	11200,0	632	236
-31.45	-30.55	-0.258506140527481	0	11200,0	633	236
-30.45	-29.55	-0.0914032615260721	0	11200,0	634	236
-27.45	-26.55	0	0	11200,0	637	238
-26.45	-25.55	-0.703845379504731	0	11200,0	638	238
-25.45	-24.55	-0.371250251660962	0	11200,0	639	238
-24.45	-23.55	-0.596738473927924	0	11200,0	640	238
-23.45	-22.55	-1.53009865109724	0	11200,0	641	238
-22.45	-21.55	-0.0173142742097846	0	11200,0	642	238
-21.45	-20.55	-0.0173142742097846	0	11200,0	643	238
-19.45	-18.55	-0.78316891483793	0	11200,0	645	239
-18.45	-17.55	-1.42903160861687	0	11200,0	646	239
-17.45	-16.55	-1.18824239983894	0	11200,0	647	239
-16.45	-15.55	-4.27098852426012	0	11200,0	648	239
-15.45	-14.55	-1.38836319710087	0	11200,0	649	239
-14.45	-13.55	-0.578618884638615	0	11200,0	650	239
-13.45	-12.55	-0.837930340245621	0	11200,0	651	239
-12.45	-11.55	-1.05335212401852	0	11200,0	652	239
-11.45	-10.55	-0.818602778337024	0	11200,0	653	239
-10.45	-9.55	-0.330179182605194	0	11200,0	654	239
-0.45	0.45	-0.162673646064023	0	11200,0	655	239
0.55	1.45	-0.273807127038454	0	11200,0	656	239
2.55	3.45	-0.202134084960741	0	11200,0	658	240
3.55	4.45	-0.106704248037045	0	11200,0	659	240
4.55	5.45	-1.62633380310046	0	11200,0	660	240
-44.45	-43.55	-0.490839540970405	0	11300,100	662	241
-42.45	-41.55	-0.0140930138916851	0	11300,100	664	242
-41.45	-40.55	-0.150191262331387	0	11300,100	665	242
-40.45	-39.55	-0.530702637406886	0	11300,100	666	242
-39.45	-38.55	-1.08596738473928	0	11300,100	667	242
-38.45	-37.55	-0.135292933360177	0	11300,100	668	242
-37.45	-36.55	-1.17938393396416	0	11300,100	669	242
-36.45	-35.55	-1.85786188846386	0	11300,100	670	242
-35.45	-34.55	-2.78639017515603	0	11300,100	671	242
-34.45	-33.55	-0.612442117978659	0	11300,100	672	242
-33.45	-32.55	-0.424401046909603	0	11300,100	673	242
-31.45	-30.55	-1.14998993356151	0	11300,100	675	243
-29.45	-28.55	-0.404670827461244	0	11300,100	677	244
-28.45	-27.55	-2.47674652707872	0	11300,100	678	244
-27.45	-26.55	-0.316891483793034	0	11300,100	679	244
-26.45	-25.55	-0.899536943829273	0	11300,100	680	244
-24.45	-23.55	-1.40688544392994	0	11300,100	682	245
-23.45	-22.55	-2.59029595329173	0	11300,100	683	245
-22.45	-21.55	-0.303603784980874	0	11300,100	684	245
-21.45	-20.55	-0.114757398832293	0	11300,100	685	245
-20.45	-19.55	-1.15280853633984	0	11300,100	686	245
-19.45	-18.55	-0.651097241795853	0	11300,100	687	245
-14.45	-13.55	-0.0450976444533924	0	11300,100	692	249
-11.45	-10.55	-0.378095429836924	0	11300,100	695	251
-10.45	-9.55	-0.459432252868935	0	11300,100	696	251
-8.45	-7.55	-0.228709482585061	0	11300,100	698	252
-7.45	-6.55	-0.118783974229917	0	11300,100	699	252
-5.45	-4.55	-0.0736863297765251	0	11300,100	701	253
-4.45	-3.55	-2.12079726192873	0	11300,100	702	253
-3.45	-2.55	-1.43547412925307	0	11300,100	703	253
-2.45	-1.55	-0.425206361989128	0	11300,100	704	253
-1.45	-0.55	-0.109925508355144	0	11300,100	705	253
-0.45	0.45	-1.31105294946648	0	11300,100	706	253
0.55	1.45	-0.775115764042682	0	11300,100	707	253
1.55	2.45	-1.2647473323938	0	11300,100	708	253
2.55	3.45	-0.545600966378095	0	11300,100	709	253
3.55	4.45	-0.672438091403262	0	11300,100	710	253
-45.45	-44.55	-0.0217435071471713	0	11400,200	712	254
-37.45	-36.55	-1.67062613247433	0	11400,200	720	261
-36.45	-35.55	-0.365210388564526	0	11400,200	721	261
-34.45	-33.55	-0.352325347292128	0	11400,200	723	262
-33.45	-32.55	-1.87155224481578	0	11400,200	724	262
-32.45	-31.55	-1.10006039863096	0	11400,200	725	262
-31.45	-30.55	-0.344674854036642	0	11400,200	726	262
-18.45	-17.55	-0.118783974229917	0	11400,200	732	267
-16.45	-15.55	-0.519428226293537	0	11400,200	734	268
-15.45	-14.55	-3.22931346889471	0	11400,200	735	268
-14.45	-13.55	-0.900342258908798	0	11400,200	736	268
-12.45	-11.55	-0.0128850412723978	0	11400,200	738	269
-11.45	-10.55	-1.72377692772297	0	11400,200	739	269
-10.45	-9.55	-2.51822025367425	0	11400,200	740	269
-9.45	-8.55	-0.779544996980068	0	11400,200	741	269
-8.45	-7.55	-1.08637004227904	0	11400,200	742	269
-7.45	-6.55	-0.395007046506946	0	11400,200	743	269
-5.45	-4.55	-0.316488826253272	0	11400,200	745	270
-4.45	-3.55	-0.268572579021542	0	11400,200	746	270
-3.45	-2.55	-0.0306019730219448	0	11400,200	747	270
-1.45	-0.55	-0.077310247634387	0	11400,200	749	271
3.55	4.45	-1.02073686329777	0	11400,200	754	275
4.55	5.45	-0.330984497684719	0	11400,200	755	275
-44.45	-43.55	-2.11797865915039	0	11250,50	756	275
-43.45	-42.55	-2.69780551640829	0	11250,50	757	275
-42.45	-41.55	-1.66780752969599	0	11250,50	758	275
-41.45	-40.55	-2.08214213811154	0	11250,50	759	275
-40.45	-39.55	-1.76364002415945	0	11250,50	760	275
-39.45	-38.55	-4.03180994564123	0	11250,50	761	275
-38.45	-37.55	-0.263338031004631	0	11250,50	762	275
-37.45	-36.55	-1.6291524058788	0	11250,50	763	275
-34.45	-33.55	-0.234346688141736	0	11250,50	766	277
-33.45	-32.55	-0.444131266357963	0	11250,50	767	277
-32.45	-31.55	-3.09240990537548	0	11250,50	768	277
-31.45	-30.55	-0.331789812764244	0	11250,50	769	277
-30.45	-29.55	-1.31226092208577	0	11250,50	770	277
-29.45	-28.55	-7.07992752164284	0	11250,50	771	277
-28.45	-27.55	-0.230320112744111	0	11250,50	772	277
-27.45	-26.55	-3.21481779746326	0	11250,50	773	277
-26.45	-25.55	-3.46285484195692	0	11250,50	774	277
-25.45	-24.55	-1.66861284477552	0	11250,50	775	277
-24.45	-23.55	-0.943426615663378	0	11250,50	776	277
-23.45	-22.55	-1.65009059794645	0	11250,50	777	277
-22.45	-21.55	-0.452989732232736	0	11250,50	778	277
-20.45	-19.55	-3.84417153211194	0	11250,50	780	278
-19.45	-18.55	-5.25548620897926	0	11250,50	781	278
-18.45	-17.55	-0.998590698610831	0	11250,50	782	278
-17.45	-16.55	-1.52003221260318	0	11250,50	783	278
-1.45	-0.55	-0.0736863297765251	0	11250,50	799	293
-0.45	0.45	-1.20636198912825	0	11250,50	800	293
0.55	1.45	-1.7310247634387	0	11250,50	801	293
1.55	2.45	-1.22609220857661	0	11250,50	802	293
2.55	3.45	-0.0994564123213207	0	11250,50	803	293
-38.45	-37.55	-0.580229514797665	0	11350,150	811	300
-35.45	-34.55	-0.758606804912422	0	11350,150	814	302
-30.45	-29.55	-0.062411918663177	0	11350,150	819	306
-28.45	-27.55	-1.19347694785585	0	11350,150	821	307
-26.45	-25.55	-1.30219448359171	0	11350,150	823	308
-25.45	-24.55	-1.32917253875579	0	11350,150	824	308
-24.45	-23.55	-3.07831689148379	0	11350,150	825	308
-23.45	-22.55	-0.0088584658747735	0	11350,150	826	308
-22.45	-21.55	-2.57298167908194	0	11350,150	827	308
-21.45	-20.55	-0.212200523454802	0	11350,150	828	308
-20.45	-19.55	-2.54761425407691	0	11350,150	829	308
-19.45	-18.55	-0.170324139319509	0	11350,150	830	308
-18.45	-17.55	-1.33480974431246	0	11350,150	831	308
-17.45	-16.55	-1.56955908999396	0	11350,150	832	308
-16.45	-15.55	-1.88081336823032	0	11350,150	833	308
-15.45	-14.55	-1.05737869941615	0	11350,150	834	308
-12.45	-11.55	-0.0128850412723978	0	11350,150	837	310
-6.45	-5.55	-0.142138111536139	0	11350,150	843	315
-4.45	-3.55	-0.991342862895108	0	11350,150	845	316
-2.45	-1.55	-0.0261727400845581	0	11350,150	847	317
-44.45	-43.55	-0.6688141735454	0	11450,250	854	323
-43.45	-42.55	-1.4930541574391	0	11450,250	855	323
-41.45	-40.55	-1.99838936984095	0	11450,250	857	324
-40.45	-39.55	-3.52365613046104	0	11450,250	858	324
-39.45	-38.55	-0.940205355345279	0	11450,250	859	324
-38.45	-37.55	-0.332997785383531	0	11450,250	860	324
-29.45	-28.55	-0.405073485001007	0	11450,250	869	332
-28.45	-27.55	-0.236359975840548	0	11450,250	870	332
-25.45	-24.55	-1.79867123011878	0	11450,250	873	334
-23.45	-22.55	-1.91181799879203	0	11450,250	875	335
-22.45	-21.55	-1.16569357761224	0	11450,250	876	335
-21.45	-20.55	-0.0261727400845581	0	11450,250	877	335
-18.45	-17.55	-0.0672438091403262	0	11450,250	880	337
-16.45	-15.55	-1.65733843366217	0	11450,250	882	338
-15.45	-14.55	-1.21924703040064	0	11450,250	883	338
-14.45	-13.55	-0.0193275619085967	0	11450,250	884	338
-13.45	-12.55	-0.216629756392188	0	11450,250	885	338
-12.45	-11.55	-0.0982484397020334	0	11450,250	886	338
-11.45	-10.55	-1.49708073283672	0	11450,250	887	338
-9.45	-8.55	-0.363197100865714	0	11450,250	889	339
-8.45	-7.55	-3.91181799879203	0	11450,250	890	339
-7.45	-6.55	-0.938997382725992	0	11450,250	891	339
-6.45	-5.55	-0.559291322730018	0	11450,250	892	339
-4.45	-3.55	-2.01167706865311	0	11450,250	894	340
-3.45	-2.55	-1.05456009663781	0	11450,250	895	340
-2.45	-1.55	-1.89329575196296	0	11450,250	896	340
-1.45	-0.55	-0.594725186229112	0	11450,250	897	340
-0.45	0.45	-0.409502717938393	0	11450,250	898	340
0.55	1.45	-0.692973625931146	0	11450,250	899	340
1.55	2.45	-1.90859673847393	0	11450,250	900	340
2.55	3.45	-2.31890477149185	0	11450,250	901	340
3.55	4.45	-3.51479766458627	0	11450,250	902	340
-44.45	-43.55	-2.11797865915039	0	11250,0	903	340
-43.45	-42.55	-2.69780551640829	0	11250,0	904	340
-42.45	-41.55	-1.66780752969599	0	11250,0	905	340
-41.45	-40.55	-2.08214213811154	0	11250,0	906	340
-40.45	-39.55	-1.76364002415945	0	11250,0	907	340
-39.45	-38.55	-4.03180994564123	0	11250,0	908	340
-38.45	-37.55	-0.263338031004631	0	11250,0	909	340
-37.45	-36.55	-1.6291524058788	0	11250,0	910	340
-34.45	-33.55	-0.234346688141736	0	11250,0	913	342
-33.45	-32.55	-0.444131266357963	0	11250,0	914	342
-32.45	-31.55	-3.09240990537548	0	11250,0	915	342
-31.45	-30.55	-0.331789812764244	0	11250,0	916	342
-30.45	-29.55	-1.31226092208577	0	11250,0	917	342
-29.45	-28.55	-7.07992752164284	0	11250,0	918	342
-28.45	-27.55	-0.230320112744111	0	11250,0	919	342
-27.45	-26.55	-3.21481779746326	0	11250,0	920	342
-26.45	-25.55	-3.46285484195692	0	11250,0	921	342
-25.45	-24.55	-1.66861284477552	0	11250,0	922	342
-24.45	-23.55	-0.943426615663378	0	11250,0	923	342
-23.45	-22.55	-1.65009059794645	0	11250,0	924	342
-22.45	-21.55	-0.452989732232736	0	11250,0	925	342
-20.45	-19.55	-3.84417153211194	0	11250,0	927	343
-19.45	-18.55	-5.25548620897926	0	11250,0	928	343
-18.45	-17.55	-0.998590698610831	0	11250,0	929	343
-17.45	-16.55	-1.52003221260318	0	11250,0	930	343
-1.45	-0.55	-0.0736863297765251	0	11250,0	946	358
-0.45	0.45	-1.20636198912825	0	11250,0	947	358
0.55	1.45	-1.7310247634387	0	11250,0	948	358
1.55	2.45	-1.22609220857661	0	11250,0	949	358
2.55	3.45	-0.0994564123213207	0	11250,0	950	358
-44.45	-43.55	-0.490839540970405	0	11300,50	953	360
-42.45	-41.55	-0.0140930138916851	0	11300,50	955	361
-41.45	-40.55	-0.150191262331387	0	11300,50	956	361
-40.45	-39.55	-0.530702637406886	0	11300,50	957	361
-39.45	-38.55	-1.08596738473928	0	11300,50	958	361
-38.45	-37.55	-0.135292933360177	0	11300,50	959	361
-37.45	-36.55	-1.17938393396416	0	11300,50	960	361
-36.45	-35.55	-1.85786188846386	0	11300,50	961	361
-35.45	-34.55	-2.78639017515603	0	11300,50	962	361
-34.45	-33.55	-0.612442117978659	0	11300,50	963	361
-33.45	-32.55	-0.424401046909603	0	11300,50	964	361
-31.45	-30.55	-1.14998993356151	0	11300,50	966	362
-29.45	-28.55	-0.404670827461244	0	11300,50	968	363
-28.45	-27.55	-2.47674652707872	0	11300,50	969	363
-27.45	-26.55	-0.316891483793034	0	11300,50	970	363
-26.45	-25.55	-0.899536943829273	0	11300,50	971	363
-24.45	-23.55	-1.40688544392994	0	11300,50	973	364
-23.45	-22.55	-2.59029595329173	0	11300,50	974	364
-22.45	-21.55	-0.303603784980874	0	11300,50	975	364
-21.45	-20.55	-0.114757398832293	0	11300,50	976	364
-20.45	-19.55	-1.15280853633984	0	11300,50	977	364
-19.45	-18.55	-0.651097241795853	0	11300,50	978	364
-14.45	-13.55	-0.0450976444533924	0	11300,50	983	368
-11.45	-10.55	-0.378095429836924	0	11300,50	986	370
-10.45	-9.55	-0.459432252868935	0	11300,50	987	370
-8.45	-7.55	-0.228709482585061	0	11300,50	989	371
-7.45	-6.55	-0.118783974229917	0	11300,50	990	371
-5.45	-4.55	-0.0736863297765251	0	11300,50	992	372
-4.45	-3.55	-2.12079726192873	0	11300,50	993	372
-3.45	-2.55	-1.43547412925307	0	11300,50	994	372
-2.45	-1.55	-0.425206361989128	0	11300,50	995	372
-1.45	-0.55	-0.109925508355144	0	11300,50	996	372
-0.45	0.45	-1.31105294946648	0	11300,50	997	372
0.55	1.45	-0.775115764042682	0	11300,50	998	372
1.55	2.45	-1.2647473323938	0	11300,50	999	372
2.55	3.45	-0.545600966378095	0	11300,50	1000	372
3.55	4.45	-0.672438091403262	0	11300,50	1001	372
-38.45	-37.55	-0.580229514797665	0	11350,100	1009	379
-35.45	-34.55	-0.758606804912422	0	11350,100	1012	381
-30.45	-29.55	-0.062411918663177	0	11350,100	1017	385
-28.45	-27.55	-1.19347694785585	0	11350,100	1019	386
-26.45	-25.55	-1.30219448359171	0	11350,100	1021	387
-25.45	-24.55	-1.32917253875579	0	11350,100	1022	387
-24.45	-23.55	-3.07831689148379	0	11350,100	1023	387
-23.45	-22.55	-0.0088584658747735	0	11350,100	1024	387
-22.45	-21.55	-2.57298167908194	0	11350,100	1025	387
-21.45	-20.55	-0.212200523454802	0	11350,100	1026	387
-20.45	-19.55	-2.54761425407691	0	11350,100	1027	387
-19.45	-18.55	-0.170324139319509	0	11350,100	1028	387
-18.45	-17.55	-1.33480974431246	0	11350,100	1029	387
-17.45	-16.55	-1.56955908999396	0	11350,100	1030	387
-16.45	-15.55	-1.88081336823032	0	11350,100	1031	387
-15.45	-14.55	-1.05737869941615	0	11350,100	1032	387
-12.45	-11.55	-0.0128850412723978	0	11350,100	1035	389
-6.45	-5.55	-0.142138111536139	0	11350,100	1041	394
-4.45	-3.55	-0.991342862895108	0	11350,100	1043	395
-2.45	-1.55	-0.0261727400845581	0	11350,100	1045	396
-45.45	-44.55	-0.0217435071471713	0	11400,150	1052	402
-37.45	-36.55	-1.67062613247433	0	11400,150	1060	409
-36.45	-35.55	-0.365210388564526	0	11400,150	1061	409
-34.45	-33.55	-0.352325347292128	0	11400,150	1063	410
-33.45	-32.55	-1.87155224481578	0	11400,150	1064	410
-32.45	-31.55	-1.10006039863096	0	11400,150	1065	410
-31.45	-30.55	-0.344674854036642	0	11400,150	1066	410
-18.45	-17.55	-0.118783974229917	0	11400,150	1072	415
-16.45	-15.55	-0.519428226293537	0	11400,150	1074	416
-15.45	-14.55	-3.22931346889471	0	11400,150	1075	416
-14.45	-13.55	-0.900342258908798	0	11400,150	1076	416
-12.45	-11.55	-0.0128850412723978	0	11400,150	1078	417
-11.45	-10.55	-1.72377692772297	0	11400,150	1079	417
-10.45	-9.55	-2.51822025367425	0	11400,150	1080	417
-9.45	-8.55	-0.779544996980068	0	11400,150	1081	417
-8.45	-7.55	-1.08637004227904	0	11400,150	1082	417
-7.45	-6.55	-0.395007046506946	0	11400,150	1083	417
-5.45	-4.55	-0.316488826253272	0	11400,150	1085	418
-4.45	-3.55	-0.268572579021542	0	11400,150	1086	418
-3.45	-2.55	-0.0306019730219448	0	11400,150	1087	418
-1.45	-0.55	-0.077310247634387	0	11400,150	1089	419
3.55	4.45	-1.02073686329777	0	11400,150	1094	423
4.55	5.45	-0.330984497684719	0	11400,150	1095	423
-44.45	-43.55	-0.6688141735454	0	11450,200	1096	423
-43.45	-42.55	-1.4930541574391	0	11450,200	1097	423
-41.45	-40.55	-1.99838936984095	0	11450,200	1099	424
-40.45	-39.55	-3.52365613046104	0	11450,200	1100	424
-39.45	-38.55	-0.940205355345279	0	11450,200	1101	424
-38.45	-37.55	-0.332997785383531	0	11450,200	1102	424
-29.45	-28.55	-0.405073485001007	0	11450,200	1111	432
-28.45	-27.55	-0.236359975840548	0	11450,200	1112	432
-25.45	-24.55	-1.79867123011878	0	11450,200	1115	434
-23.45	-22.55	-1.91181799879203	0	11450,200	1117	435
-22.45	-21.55	-1.16569357761224	0	11450,200	1118	435
-21.45	-20.55	-0.0261727400845581	0	11450,200	1119	435
-18.45	-17.55	-0.0672438091403262	0	11450,200	1122	437
-16.45	-15.55	-1.65733843366217	0	11450,200	1124	438
-15.45	-14.55	-1.21924703040064	0	11450,200	1125	438
-14.45	-13.55	-0.0193275619085967	0	11450,200	1126	438
-13.45	-12.55	-0.216629756392188	0	11450,200	1127	438
-12.45	-11.55	-0.0982484397020334	0	11450,200	1128	438
-11.45	-10.55	-1.49708073283672	0	11450,200	1129	438
-9.45	-8.55	-0.363197100865714	0	11450,200	1131	439
-8.45	-7.55	-3.91181799879203	0	11450,200	1132	439
-7.45	-6.55	-0.938997382725992	0	11450,200	1133	439
-6.45	-5.55	-0.559291322730018	0	11450,200	1134	439
-4.45	-3.55	-2.01167706865311	0	11450,200	1136	440
-3.45	-2.55	-1.05456009663781	0	11450,200	1137	440
-2.45	-1.55	-1.89329575196296	0	11450,200	1138	440
-1.45	-0.55	-0.594725186229112	0	11450,200	1139	440
-0.45	0.45	-0.409502717938393	0	11450,200	1140	440
0.55	1.45	-0.692973625931146	0	11450,200	1141	440
1.55	2.45	-1.90859673847393	0	11450,200	1142	440
2.55	3.45	-2.31890477149185	0	11450,200	1143	440
3.55	4.45	-3.51479766458627	0	11450,200	1144	440
-45.45	-44.55	-8.85604992953493	0	11500,250	1145	440
-44.45	-43.55	-9.32836722367626	0	11500,250	1146	440
-43.45	-42.55	-1.84658747735051	0	11500,250	1147	440
-42.45	-41.55	-0.772297161264345	0	11500,250	1148	440
-41.45	-40.55	-4.32856855244614	0	11500,250	1149	440
-40.45	-39.55	-5.84215824441313	0	11500,250	1150	440
-39.45	-38.55	-2.11314676867324	0	11500,250	1151	440
-38.45	-37.55	-0.671230118783974	0	11500,250	1152	440
-37.45	-36.55	-3.17133078316892	0	11500,250	1153	440
-36.45	-35.55	-0.887054560096638	0	11500,250	1154	440
-35.45	-34.55	-1.36380108717536	0	11500,250	1155	440
-34.45	-33.55	-1.37749144352728	0	11500,250	1156	440
-33.45	-32.55	-0.718743708475941	0	11500,250	1157	440
-32.45	-31.55	-0.254479565129857	0	11500,250	1158	440
-31.45	-30.55	-0.0688544392993759	0	11500,250	1159	440
-23.45	-22.55	-2.83350110730823	0	11500,250	1167	447
-22.45	-21.55	-2.6430440910006	0	11500,250	1168	447
-21.45	-20.55	-0.711093215220455	0	11500,250	1169	447
-18.45	-17.55	-0.433259512784377	0	11500,250	1172	449
-16.45	-15.55	-0.260519428226294	0	11500,250	1174	450
-14.45	-13.55	-0.277028387356553	0	11500,250	1176	451
-13.45	-12.55	-0.240386551238172	0	11500,250	1177	451
-12.45	-11.55	-1.03764847996779	0	11500,250	1178	451
-11.45	-10.55	-1.70404670827461	0	11500,250	1179	451
-10.45	-9.55	-2.37527682705859	0	11500,250	1180	451
-9.45	-8.55	-0.601570364405074	0	11500,250	1181	451
-8.45	-7.55	-1.45158043084357	0	11500,250	1182	451
-7.45	-6.55	-1.1628749748339	0	11500,250	1183	451
-5.45	-4.55	-0.776726394201732	0	11500,250	1185	452
-4.45	-3.55	-0.356754580229515	0	11500,250	1186	452
-3.45	-2.55	-0.671230118783974	0	11500,250	1187	452
-1.45	-0.55	-1.8316891483793	0	11500,250	1189	453
-0.45	0.45	-3.13388363197101	0	11500,250	1190	453
0.55	1.45	-0.862089792631367	0	11500,250	1191	453
1.55	2.45	-0.120394604388967	0	11500,250	1192	453
4.55	5.45	-0.782363599758406	0	11500,250	1195	455
-44.45	-43.55	-0.490839540970405	0	11300,0	1197	456
-42.45	-41.55	-0.0140930138916851	0	11300,0	1199	457
-41.45	-40.55	-0.150191262331387	0	11300,0	1200	457
-40.45	-39.55	-0.530702637406886	0	11300,0	1201	457
-39.45	-38.55	-1.08596738473928	0	11300,0	1202	457
-38.45	-37.55	-0.135292933360177	0	11300,0	1203	457
-37.45	-36.55	-1.17938393396416	0	11300,0	1204	457
-36.45	-35.55	-1.85786188846386	0	11300,0	1205	457
-35.45	-34.55	-2.78639017515603	0	11300,0	1206	457
-34.45	-33.55	-0.612442117978659	0	11300,0	1207	457
-33.45	-32.55	-0.424401046909603	0	11300,0	1208	457
-31.45	-30.55	-1.14998993356151	0	11300,0	1210	458
-29.45	-28.55	-0.404670827461244	0	11300,0	1212	459
-28.45	-27.55	-2.47674652707872	0	11300,0	1213	459
-27.45	-26.55	-0.316891483793034	0	11300,0	1214	459
-26.45	-25.55	-0.899536943829273	0	11300,0	1215	459
-24.45	-23.55	-1.40688544392994	0	11300,0	1217	460
-23.45	-22.55	-2.59029595329173	0	11300,0	1218	460
-22.45	-21.55	-0.303603784980874	0	11300,0	1219	460
-21.45	-20.55	-0.114757398832293	0	11300,0	1220	460
-20.45	-19.55	-1.15280853633984	0	11300,0	1221	460
-19.45	-18.55	-0.651097241795853	0	11300,0	1222	460
-14.45	-13.55	-0.0450976444533924	0	11300,0	1227	464
-11.45	-10.55	-0.378095429836924	0	11300,0	1230	466
-10.45	-9.55	-0.459432252868935	0	11300,0	1231	466
-8.45	-7.55	-0.228709482585061	0	11300,0	1233	467
-7.45	-6.55	-0.118783974229917	0	11300,0	1234	467
-5.45	-4.55	-0.0736863297765251	0	11300,0	1236	468
-4.45	-3.55	-2.12079726192873	0	11300,0	1237	468
-3.45	-2.55	-1.43547412925307	0	11300,0	1238	468
-2.45	-1.55	-0.425206361989128	0	11300,0	1239	468
-1.45	-0.55	-0.109925508355144	0	11300,0	1240	468
-0.45	0.45	-1.31105294946648	0	11300,0	1241	468
0.55	1.45	-0.775115764042682	0	11300,0	1242	468
1.55	2.45	-1.2647473323938	0	11300,0	1243	468
2.55	3.45	-0.545600966378095	0	11300,0	1244	468
3.55	4.45	-0.672438091403262	0	11300,0	1245	468
-45.45	-44.55	-0.0217435071471713	0	11400,100	1247	469
-37.45	-36.55	-1.67062613247433	0	11400,100	1255	476
-36.45	-35.55	-0.365210388564526	0	11400,100	1256	476
-34.45	-33.55	-0.352325347292128	0	11400,100	1258	477
-33.45	-32.55	-1.87155224481578	0	11400,100	1259	477
-32.45	-31.55	-1.10006039863096	0	11400,100	1260	477
-31.45	-30.55	-0.344674854036642	0	11400,100	1261	477
-18.45	-17.55	-0.118783974229917	0	11400,100	1267	482
-16.45	-15.55	-0.519428226293537	0	11400,100	1269	483
-15.45	-14.55	-3.22931346889471	0	11400,100	1270	483
-14.45	-13.55	-0.900342258908798	0	11400,100	1271	483
-12.45	-11.55	-0.0128850412723978	0	11400,100	1273	484
-11.45	-10.55	-1.72377692772297	0	11400,100	1274	484
-10.45	-9.55	-2.51822025367425	0	11400,100	1275	484
-9.45	-8.55	-0.779544996980068	0	11400,100	1276	484
-8.45	-7.55	-1.08637004227904	0	11400,100	1277	484
-7.45	-6.55	-0.395007046506946	0	11400,100	1278	484
-5.45	-4.55	-0.316488826253272	0	11400,100	1280	485
-4.45	-3.55	-0.268572579021542	0	11400,100	1281	485
-3.45	-2.55	-0.0306019730219448	0	11400,100	1282	485
-1.45	-0.55	-0.077310247634387	0	11400,100	1284	486
3.55	4.45	-1.02073686329777	0	11400,100	1289	490
4.55	5.45	-0.330984497684719	0	11400,100	1290	490
-45.45	-44.55	-8.85604992953493	0	11500,200	1291	490
-44.45	-43.55	-9.32836722367626	0	11500,200	1292	490
-43.45	-42.55	-1.84658747735051	0	11500,200	1293	490
-42.45	-41.55	-0.772297161264345	0	11500,200	1294	490
-41.45	-40.55	-4.32856855244614	0	11500,200	1295	490
-40.45	-39.55	-5.84215824441313	0	11500,200	1296	490
-39.45	-38.55	-2.11314676867324	0	11500,200	1297	490
-38.45	-37.55	-0.671230118783974	0	11500,200	1298	490
-37.45	-36.55	-3.17133078316892	0	11500,200	1299	490
-36.45	-35.55	-0.887054560096638	0	11500,200	1300	490
-35.45	-34.55	-1.36380108717536	0	11500,200	1301	490
-34.45	-33.55	-1.37749144352728	0	11500,200	1302	490
-33.45	-32.55	-0.718743708475941	0	11500,200	1303	490
-32.45	-31.55	-0.254479565129857	0	11500,200	1304	490
-31.45	-30.55	-0.0688544392993759	0	11500,200	1305	490
-23.45	-22.55	-2.83350110730823	0	11500,200	1313	497
-22.45	-21.55	-2.6430440910006	0	11500,200	1314	497
-21.45	-20.55	-0.711093215220455	0	11500,200	1315	497
-18.45	-17.55	-0.433259512784377	0	11500,200	1318	499
-16.45	-15.55	-0.260519428226294	0	11500,200	1320	500
-14.45	-13.55	-0.277028387356553	0	11500,200	1322	501
-13.45	-12.55	-0.240386551238172	0	11500,200	1323	501
-12.45	-11.55	-1.03764847996779	0	11500,200	1324	501
-11.45	-10.55	-1.70404670827461	0	11500,200	1325	501
-10.45	-9.55	-2.37527682705859	0	11500,200	1326	501
-9.45	-8.55	-0.601570364405074	0	11500,200	1327	501
-8.45	-7.55	-1.45158043084357	0	11500,200	1328	501
-7.45	-6.55	-1.1628749748339	0	11500,200	1329	501
-5.45	-4.55	-0.776726394201732	0	11500,200	1331	502
-4.45	-3.55	-0.356754580229515	0	11500,200	1332	502
-3.45	-2.55	-0.671230118783974	0	11500,200	1333	502
-1.45	-0.55	-1.8316891483793	0	11500,200	1335	503
-0.45	0.45	-3.13388363197101	0	11500,200	1336	503
0.55	1.45	-0.862089792631367	0	11500,200	1337	503
1.55	2.45	-0.120394604388967	0	11500,200	1338	503
4.55	5.45	-0.782363599758406	0	11500,200	1341	505
-38.45	-37.55	-0.580229514797665	0	11350,50	1348	511
-35.45	-34.55	-0.758606804912422	0	11350,50	1351	513
-30.45	-29.55	-0.062411918663177	0	11350,50	1356	517
-28.45	-27.55	-1.19347694785585	0	11350,50	1358	518
-26.45	-25.55	-1.30219448359171	0	11350,50	1360	519
-25.45	-24.55	-1.32917253875579	0	11350,50	1361	519
-24.45	-23.55	-3.07831689148379	0	11350,50	1362	519
-23.45	-22.55	-0.0088584658747735	0	11350,50	1363	519
-22.45	-21.55	-2.57298167908194	0	11350,50	1364	519
-21.45	-20.55	-0.212200523454802	0	11350,50	1365	519
-20.45	-19.55	-2.54761425407691	0	11350,50	1366	519
-19.45	-18.55	-0.170324139319509	0	11350,50	1367	519
-18.45	-17.55	-1.33480974431246	0	11350,50	1368	519
-17.45	-16.55	-1.56955908999396	0	11350,50	1369	519
-16.45	-15.55	-1.88081336823032	0	11350,50	1370	519
-15.45	-14.55	-1.05737869941615	0	11350,50	1371	519
-12.45	-11.55	-0.0128850412723978	0	11350,50	1374	521
-6.45	-5.55	-0.142138111536139	0	11350,50	1380	526
-4.45	-3.55	-0.991342862895108	0	11350,50	1382	527
-2.45	-1.55	-0.0261727400845581	0	11350,50	1384	528
-44.45	-43.55	-0.6688141735454	0	11450,150	1391	534
-43.45	-42.55	-1.4930541574391	0	11450,150	1392	534
-41.45	-40.55	-1.99838936984095	0	11450,150	1394	535
-40.45	-39.55	-3.52365613046104	0	11450,150	1395	535
-39.45	-38.55	-0.940205355345279	0	11450,150	1396	535
-38.45	-37.55	-0.332997785383531	0	11450,150	1397	535
-29.45	-28.55	-0.405073485001007	0	11450,150	1406	543
-28.45	-27.55	-0.236359975840548	0	11450,150	1407	543
-25.45	-24.55	-1.79867123011878	0	11450,150	1410	545
-23.45	-22.55	-1.91181799879203	0	11450,150	1412	546
-22.45	-21.55	-1.16569357761224	0	11450,150	1413	546
-21.45	-20.55	-0.0261727400845581	0	11450,150	1414	546
-18.45	-17.55	-0.0672438091403262	0	11450,150	1417	548
-16.45	-15.55	-1.65733843366217	0	11450,150	1419	549
-15.45	-14.55	-1.21924703040064	0	11450,150	1420	549
-14.45	-13.55	-0.0193275619085967	0	11450,150	1421	549
-13.45	-12.55	-0.216629756392188	0	11450,150	1422	549
-12.45	-11.55	-0.0982484397020334	0	11450,150	1423	549
-11.45	-10.55	-1.49708073283672	0	11450,150	1424	549
-9.45	-8.55	-0.363197100865714	0	11450,150	1426	550
-8.45	-7.55	-3.91181799879203	0	11450,150	1427	550
-7.45	-6.55	-0.938997382725992	0	11450,150	1428	550
-6.45	-5.55	-0.559291322730018	0	11450,150	1429	550
-4.45	-3.55	-2.01167706865311	0	11450,150	1431	551
-3.45	-2.55	-1.05456009663781	0	11450,150	1432	551
-2.45	-1.55	-1.89329575196296	0	11450,150	1433	551
-1.45	-0.55	-0.594725186229112	0	11450,150	1434	551
-0.45	0.45	-0.409502717938393	0	11450,150	1435	551
0.55	1.45	-0.692973625931146	0	11450,150	1436	551
1.55	2.45	-1.90859673847393	0	11450,150	1437	551
2.55	3.45	-2.31890477149185	0	11450,150	1438	551
3.55	4.45	-3.51479766458627	0	11450,150	1439	551
-38.45	-37.55	-0.580229514797665	0	11350,0	1446	557
-35.45	-34.55	-0.758606804912422	0	11350,0	1449	559
-30.45	-29.55	-0.062411918663177	0	11350,0	1454	563
-28.45	-27.55	-1.19347694785585	0	11350,0	1456	564
-26.45	-25.55	-1.30219448359171	0	11350,0	1458	565
-25.45	-24.55	-1.32917253875579	0	11350,0	1459	565
-24.45	-23.55	-3.07831689148379	0	11350,0	1460	565
-23.45	-22.55	-0.0088584658747735	0	11350,0	1461	565
-22.45	-21.55	-2.57298167908194	0	11350,0	1462	565
-21.45	-20.55	-0.212200523454802	0	11350,0	1463	565
-20.45	-19.55	-2.54761425407691	0	11350,0	1464	565
-19.45	-18.55	-0.170324139319509	0	11350,0	1465	565
-18.45	-17.55	-1.33480974431246	0	11350,0	1466	565
-17.45	-16.55	-1.56955908999396	0	11350,0	1467	565
-16.45	-15.55	-1.88081336823032	0	11350,0	1468	565
-15.45	-14.55	-1.05737869941615	0	11350,0	1469	565
-12.45	-11.55	-0.0128850412723978	0	11350,0	1472	567
-6.45	-5.55	-0.142138111536139	0	11350,0	1478	572
-4.45	-3.55	-0.991342862895108	0	11350,0	1480	573
-2.45	-1.55	-0.0261727400845581	0	11350,0	1482	574
-45.45	-44.55	-0.0217435071471713	0	11400,50	1489	580
-37.45	-36.55	-1.67062613247433	0	11400,50	1497	587
-36.45	-35.55	-0.365210388564526	0	11400,50	1498	587
-34.45	-33.55	-0.352325347292128	0	11400,50	1500	588
-33.45	-32.55	-1.87155224481578	0	11400,50	1501	588
-32.45	-31.55	-1.10006039863096	0	11400,50	1502	588
-31.45	-30.55	-0.344674854036642	0	11400,50	1503	588
-18.45	-17.55	-0.118783974229917	0	11400,50	1509	593
-16.45	-15.55	-0.519428226293537	0	11400,50	1511	594
-15.45	-14.55	-3.22931346889471	0	11400,50	1512	594
-14.45	-13.55	-0.900342258908798	0	11400,50	1513	594
-12.45	-11.55	-0.0128850412723978	0	11400,50	1515	595
-11.45	-10.55	-1.72377692772297	0	11400,50	1516	595
-10.45	-9.55	-2.51822025367425	0	11400,50	1517	595
-9.45	-8.55	-0.779544996980068	0	11400,50	1518	595
-8.45	-7.55	-1.08637004227904	0	11400,50	1519	595
-7.45	-6.55	-0.395007046506946	0	11400,50	1520	595
-5.45	-4.55	-0.316488826253272	0	11400,50	1522	596
-4.45	-3.55	-0.268572579021542	0	11400,50	1523	596
-3.45	-2.55	-0.0306019730219448	0	11400,50	1524	596
-1.45	-0.55	-0.077310247634387	0	11400,50	1526	597
3.55	4.45	-1.02073686329777	0	11400,50	1531	601
4.55	5.45	-0.330984497684719	0	11400,50	1532	601
-44.45	-43.55	-0.6688141735454	0	11450,100	1533	601
-43.45	-42.55	-1.4930541574391	0	11450,100	1534	601
-41.45	-40.55	-1.99838936984095	0	11450,100	1536	602
-40.45	-39.55	-3.52365613046104	0	11450,100	1537	602
-39.45	-38.55	-0.940205355345279	0	11450,100	1538	602
-38.45	-37.55	-0.332997785383531	0	11450,100	1539	602
-29.45	-28.55	-0.405073485001007	0	11450,100	1548	610
-28.45	-27.55	-0.236359975840548	0	11450,100	1549	610
-25.45	-24.55	-1.79867123011878	0	11450,100	1552	612
-23.45	-22.55	-1.91181799879203	0	11450,100	1554	613
-22.45	-21.55	-1.16569357761224	0	11450,100	1555	613
-21.45	-20.55	-0.0261727400845581	0	11450,100	1556	613
-18.45	-17.55	-0.0672438091403262	0	11450,100	1559	615
-16.45	-15.55	-1.65733843366217	0	11450,100	1561	616
-15.45	-14.55	-1.21924703040064	0	11450,100	1562	616
-14.45	-13.55	-0.0193275619085967	0	11450,100	1563	616
-13.45	-12.55	-0.216629756392188	0	11450,100	1564	616
-12.45	-11.55	-0.0982484397020334	0	11450,100	1565	616
-11.45	-10.55	-1.49708073283672	0	11450,100	1566	616
-9.45	-8.55	-0.363197100865714	0	11450,100	1568	617
-8.45	-7.55	-3.91181799879203	0	11450,100	1569	617
-7.45	-6.55	-0.938997382725992	0	11450,100	1570	617
-6.45	-5.55	-0.559291322730018	0	11450,100	1571	617
-4.45	-3.55	-2.01167706865311	0	11450,100	1573	618
-3.45	-2.55	-1.05456009663781	0	11450,100	1574	618
-2.45	-1.55	-1.89329575196296	0	11450,100	1575	618
-1.45	-0.55	-0.594725186229112	0	11450,100	1576	618
-0.45	0.45	-0.409502717938393	0	11450,100	1577	618
0.55	1.45	-0.692973625931146	0	11450,100	1578	618
1.55	2.45	-1.90859673847393	0	11450,100	1579	618
2.55	3.45	-2.31890477149185	0	11450,100	1580	618
3.55	4.45	-3.51479766458627	0	11450,100	1581	618
-45.45	-44.55	-8.85604992953493	0	11500,150	1582	618
-44.45	-43.55	-9.32836722367626	0	11500,150	1583	618
-43.45	-42.55	-1.84658747735051	0	11500,150	1584	618
-42.45	-41.55	-0.772297161264345	0	11500,150	1585	618
-41.45	-40.55	-4.32856855244614	0	11500,150	1586	618
-40.45	-39.55	-5.84215824441313	0	11500,150	1587	618
-39.45	-38.55	-2.11314676867324	0	11500,150	1588	618
-38.45	-37.55	-0.671230118783974	0	11500,150	1589	618
-37.45	-36.55	-3.17133078316892	0	11500,150	1590	618
-36.45	-35.55	-0.887054560096638	0	11500,150	1591	618
-35.45	-34.55	-1.36380108717536	0	11500,150	1592	618
-34.45	-33.55	-1.37749144352728	0	11500,150	1593	618
-33.45	-32.55	-0.718743708475941	0	11500,150	1594	618
-32.45	-31.55	-0.254479565129857	0	11500,150	1595	618
-31.45	-30.55	-0.0688544392993759	0	11500,150	1596	618
-23.45	-22.55	-2.83350110730823	0	11500,150	1604	625
-22.45	-21.55	-2.6430440910006	0	11500,150	1605	625
-21.45	-20.55	-0.711093215220455	0	11500,150	1606	625
-18.45	-17.55	-0.433259512784377	0	11500,150	1609	627
-16.45	-15.55	-0.260519428226294	0	11500,150	1611	628
-14.45	-13.55	-0.277028387356553	0	11500,150	1613	629
-13.45	-12.55	-0.240386551238172	0	11500,150	1614	629
-12.45	-11.55	-1.03764847996779	0	11500,150	1615	629
-11.45	-10.55	-1.70404670827461	0	11500,150	1616	629
-10.45	-9.55	-2.37527682705859	0	11500,150	1617	629
-9.45	-8.55	-0.601570364405074	0	11500,150	1618	629
-8.45	-7.55	-1.45158043084357	0	11500,150	1619	629
-7.45	-6.55	-1.1628749748339	0	11500,150	1620	629
-5.45	-4.55	-0.776726394201732	0	11500,150	1622	630
-4.45	-3.55	-0.356754580229515	0	11500,150	1623	630
-3.45	-2.55	-0.671230118783974	0	11500,150	1624	630
-1.45	-0.55	-1.8316891483793	0	11500,150	1626	631
-0.45	0.45	-3.13388363197101	0	11500,150	1627	631
0.55	1.45	-0.862089792631367	0	11500,150	1628	631
1.55	2.45	-0.120394604388967	0	11500,150	1629	631
4.55	5.45	-0.782363599758406	0	11500,150	1632	633
-44.45	-43.55	-2.50493255486209	0	11550,200	1633	633
-43.45	-42.55	-0.663176967988726	0	11550,200	1634	633
-41.45	-40.55	-0.730018119589289	0	11550,200	1636	634
-40.45	-39.55	-0.419971813972217	0	11550,200	1637	634
-39.45	-38.55	-0.754580229514798	0	11550,200	1638	634
-38.45	-37.55	-0.69861083148782	0	11550,200	1639	634
-36.45	-35.55	-0.579021542178377	0	11550,200	1641	635
-35.45	-34.55	-0.0342258908798067	0	11550,200	1642	635
-34.45	-33.55	-0.839540970404671	0	11550,200	1643	635
-32.45	-31.55	-1.72820616066036	0	11550,200	1645	636
-31.45	-30.55	-1.92268975236561	0	11550,200	1646	636
-30.45	-29.55	-2.43607811556271	0	11550,200	1647	636
-29.45	-28.55	-2.52426011677069	0	11550,200	1648	636
-28.45	-27.55	-6.08737668612845	0	11550,200	1649	636
-27.45	-26.55	-3.18663176967989	0	11550,200	1650	636
-26.45	-25.55	-2.77189450372458	0	11550,200	1651	636
-25.45	-24.55	-6.52788403462855	0	11550,200	1652	636
-24.45	-23.55	-7.83974229917455	0	11550,200	1653	636
-23.45	-22.55	-7.06140527481377	0	11550,200	1654	636
-22.45	-21.55	-1.8445741896517	0	11550,200	1655	636
-21.45	-20.55	-2.3076303603785	0	11550,200	1656	636
-20.45	-19.55	-1.73021944835917	0	11550,200	1657	636
-19.45	-18.55	-0.603986309643648	0	11550,200	1658	636
-18.45	-17.55	-0.0587880008053151	0	11550,200	1659	636
-17.45	-16.55	-0.0136903563519227	0	11550,200	1660	636
-16.45	-15.55	-0.409100060398631	0	11550,200	1661	636
-15.45	-14.55	-1.95651298570566	0	11550,200	1662	636
-14.45	-13.55	-0.763036037849809	0	11550,200	1663	636
-13.45	-12.55	-1.7181397221663	0	11550,200	1664	636
-10.45	-9.55	-0.0181195892893094	0	11550,200	1667	638
-9.45	-8.55	-0.109925508355144	0	11550,200	1668	638
-8.45	-7.55	-0.404268169921482	0	11550,200	1669	638
-7.45	-6.55	-4.35031205959332	0	11550,200	1670	638
-6.45	-5.55	-2.32132071673042	0	11550,200	1671	638
-5.45	-4.55	-1.1061002617274	0	11550,200	1672	638
-4.45	-3.55	-0.921280450976445	0	11550,200	1673	638
-3.45	-2.55	-0.0539561103281659	0	11550,200	1674	638
-0.45	0.45	-0.170324139319509	0	11550,200	1677	640
0.55	1.45	-0.561707267968593	0	11550,200	1678	640
1.55	2.45	-0.630561707267969	0	11550,200	1679	640
-45.45	-44.55	-0.0217435071471713	0	11400,0	1682	642
-37.45	-36.55	-1.67062613247433	0	11400,0	1690	649
-36.45	-35.55	-0.365210388564526	0	11400,0	1691	649
-34.45	-33.55	-0.352325347292128	0	11400,0	1693	650
-33.45	-32.55	-1.87155224481578	0	11400,0	1694	650
-32.45	-31.55	-1.10006039863096	0	11400,0	1695	650
-31.45	-30.55	-0.344674854036642	0	11400,0	1696	650
-18.45	-17.55	-0.118783974229917	0	11400,0	1702	655
-16.45	-15.55	-0.519428226293537	0	11400,0	1704	656
-15.45	-14.55	-3.22931346889471	0	11400,0	1705	656
-14.45	-13.55	-0.900342258908798	0	11400,0	1706	656
-12.45	-11.55	-0.0128850412723978	0	11400,0	1708	657
-11.45	-10.55	-1.72377692772297	0	11400,0	1709	657
-10.45	-9.55	-2.51822025367425	0	11400,0	1710	657
-9.45	-8.55	-0.779544996980068	0	11400,0	1711	657
-8.45	-7.55	-1.08637004227904	0	11400,0	1712	657
-7.45	-6.55	-0.395007046506946	0	11400,0	1713	657
-5.45	-4.55	-0.316488826253272	0	11400,0	1715	658
-4.45	-3.55	-0.268572579021542	0	11400,0	1716	658
-3.45	-2.55	-0.0306019730219448	0	11400,0	1717	658
-1.45	-0.55	-0.077310247634387	0	11400,0	1719	659
3.55	4.45	-1.02073686329777	0	11400,0	1724	663
4.55	5.45	-0.330984497684719	0	11400,0	1725	663
-45.45	-44.55	-8.85604992953493	0	11500,100	1726	663
-44.45	-43.55	-9.32836722367626	0	11500,100	1727	663
-43.45	-42.55	-1.84658747735051	0	11500,100	1728	663
-42.45	-41.55	-0.772297161264345	0	11500,100	1729	663
-41.45	-40.55	-4.32856855244614	0	11500,100	1730	663
-40.45	-39.55	-5.84215824441313	0	11500,100	1731	663
-39.45	-38.55	-2.11314676867324	0	11500,100	1732	663
-38.45	-37.55	-0.671230118783974	0	11500,100	1733	663
-37.45	-36.55	-3.17133078316892	0	11500,100	1734	663
-36.45	-35.55	-0.887054560096638	0	11500,100	1735	663
-35.45	-34.55	-1.36380108717536	0	11500,100	1736	663
-34.45	-33.55	-1.37749144352728	0	11500,100	1737	663
-33.45	-32.55	-0.718743708475941	0	11500,100	1738	663
-32.45	-31.55	-0.254479565129857	0	11500,100	1739	663
-31.45	-30.55	-0.0688544392993759	0	11500,100	1740	663
-23.45	-22.55	-2.83350110730823	0	11500,100	1748	670
-22.45	-21.55	-2.6430440910006	0	11500,100	1749	670
-21.45	-20.55	-0.711093215220455	0	11500,100	1750	670
-18.45	-17.55	-0.433259512784377	0	11500,100	1753	672
-16.45	-15.55	-0.260519428226294	0	11500,100	1755	673
-14.45	-13.55	-0.277028387356553	0	11500,100	1757	674
-13.45	-12.55	-0.240386551238172	0	11500,100	1758	674
-12.45	-11.55	-1.03764847996779	0	11500,100	1759	674
-11.45	-10.55	-1.70404670827461	0	11500,100	1760	674
-10.45	-9.55	-2.37527682705859	0	11500,100	1761	674
-9.45	-8.55	-0.601570364405074	0	11500,100	1762	674
-8.45	-7.55	-1.45158043084357	0	11500,100	1763	674
-7.45	-6.55	-1.1628749748339	0	11500,100	1764	674
-5.45	-4.55	-0.776726394201732	0	11500,100	1766	675
-4.45	-3.55	-0.356754580229515	0	11500,100	1767	675
-3.45	-2.55	-0.671230118783974	0	11500,100	1768	675
-1.45	-0.55	-1.8316891483793	0	11500,100	1770	676
-0.45	0.45	-3.13388363197101	0	11500,100	1771	676
0.55	1.45	-0.862089792631367	0	11500,100	1772	676
1.55	2.45	-0.120394604388967	0	11500,100	1773	676
4.55	5.45	-0.782363599758406	0	11500,100	1776	678
-44.45	-43.55	-0.6688141735454	0	11450,50	1777	678
-43.45	-42.55	-1.4930541574391	0	11450,50	1778	678
-41.45	-40.55	-1.99838936984095	0	11450,50	1780	679
-40.45	-39.55	-3.52365613046104	0	11450,50	1781	679
-39.45	-38.55	-0.940205355345279	0	11450,50	1782	679
-38.45	-37.55	-0.332997785383531	0	11450,50	1783	679
-29.45	-28.55	-0.405073485001007	0	11450,50	1792	687
-28.45	-27.55	-0.236359975840548	0	11450,50	1793	687
-25.45	-24.55	-1.79867123011878	0	11450,50	1796	689
-23.45	-22.55	-1.91181799879203	0	11450,50	1798	690
-22.45	-21.55	-1.16569357761224	0	11450,50	1799	690
-21.45	-20.55	-0.0261727400845581	0	11450,50	1800	690
-18.45	-17.55	-0.0672438091403262	0	11450,50	1803	692
-16.45	-15.55	-1.65733843366217	0	11450,50	1805	693
-15.45	-14.55	-1.21924703040064	0	11450,50	1806	693
-14.45	-13.55	-0.0193275619085967	0	11450,50	1807	693
-13.45	-12.55	-0.216629756392188	0	11450,50	1808	693
-12.45	-11.55	-0.0982484397020334	0	11450,50	1809	693
-11.45	-10.55	-1.49708073283672	0	11450,50	1810	693
-9.45	-8.55	-0.363197100865714	0	11450,50	1812	694
-8.45	-7.55	-3.91181799879203	0	11450,50	1813	694
-7.45	-6.55	-0.938997382725992	0	11450,50	1814	694
-6.45	-5.55	-0.559291322730018	0	11450,50	1815	694
-4.45	-3.55	-2.01167706865311	0	11450,50	1817	695
-3.45	-2.55	-1.05456009663781	0	11450,50	1818	695
-2.45	-1.55	-1.89329575196296	0	11450,50	1819	695
-1.45	-0.55	-0.594725186229112	0	11450,50	1820	695
-0.45	0.45	-0.409502717938393	0	11450,50	1821	695
0.55	1.45	-0.692973625931146	0	11450,50	1822	695
1.55	2.45	-1.90859673847393	0	11450,50	1823	695
2.55	3.45	-2.31890477149185	0	11450,50	1824	695
3.55	4.45	-3.51479766458627	0	11450,50	1825	695
-44.45	-43.55	-2.50493255486209	0	11550,150	1826	695
-43.45	-42.55	-0.663176967988726	0	11550,150	1827	695
-41.45	-40.55	-0.730018119589289	0	11550,150	1829	696
-40.45	-39.55	-0.419971813972217	0	11550,150	1830	696
-39.45	-38.55	-0.754580229514798	0	11550,150	1831	696
-38.45	-37.55	-0.69861083148782	0	11550,150	1832	696
-36.45	-35.55	-0.579021542178377	0	11550,150	1834	697
-35.45	-34.55	-0.0342258908798067	0	11550,150	1835	697
-34.45	-33.55	-0.839540970404671	0	11550,150	1836	697
-32.45	-31.55	-1.72820616066036	0	11550,150	1838	698
-31.45	-30.55	-1.92268975236561	0	11550,150	1839	698
-30.45	-29.55	-2.43607811556271	0	11550,150	1840	698
-29.45	-28.55	-2.52426011677069	0	11550,150	1841	698
-28.45	-27.55	-6.08737668612845	0	11550,150	1842	698
-27.45	-26.55	-3.18663176967989	0	11550,150	1843	698
-26.45	-25.55	-2.77189450372458	0	11550,150	1844	698
-25.45	-24.55	-6.52788403462855	0	11550,150	1845	698
-24.45	-23.55	-7.83974229917455	0	11550,150	1846	698
-23.45	-22.55	-7.06140527481377	0	11550,150	1847	698
-22.45	-21.55	-1.8445741896517	0	11550,150	1848	698
-21.45	-20.55	-2.3076303603785	0	11550,150	1849	698
-20.45	-19.55	-1.73021944835917	0	11550,150	1850	698
-19.45	-18.55	-0.603986309643648	0	11550,150	1851	698
-18.45	-17.55	-0.0587880008053151	0	11550,150	1852	698
-17.45	-16.55	-0.0136903563519227	0	11550,150	1853	698
-16.45	-15.55	-0.409100060398631	0	11550,150	1854	698
-15.45	-14.55	-1.95651298570566	0	11550,150	1855	698
-14.45	-13.55	-0.763036037849809	0	11550,150	1856	698
-13.45	-12.55	-1.7181397221663	0	11550,150	1857	698
-10.45	-9.55	-0.0181195892893094	0	11550,150	1860	700
-9.45	-8.55	-0.109925508355144	0	11550,150	1861	700
-8.45	-7.55	-0.404268169921482	0	11550,150	1862	700
-7.45	-6.55	-4.35031205959332	0	11550,150	1863	700
-6.45	-5.55	-2.32132071673042	0	11550,150	1864	700
-5.45	-4.55	-1.1061002617274	0	11550,150	1865	700
-4.45	-3.55	-0.921280450976445	0	11550,150	1866	700
-3.45	-2.55	-0.0539561103281659	0	11550,150	1867	700
-0.45	0.45	-0.170324139319509	0	11550,150	1870	702
0.55	1.45	-0.561707267968593	0	11550,150	1871	702
1.55	2.45	-0.630561707267969	0	11550,150	1872	702
-44.45	-43.55	-0.6688141735454	0	11450,0	1875	704
-43.45	-42.55	-1.4930541574391	0	11450,0	1876	704
-41.45	-40.55	-1.99838936984095	0	11450,0	1878	705
-40.45	-39.55	-3.52365613046104	0	11450,0	1879	705
-39.45	-38.55	-0.940205355345279	0	11450,0	1880	705
-38.45	-37.55	-0.332997785383531	0	11450,0	1881	705
-29.45	-28.55	-0.405073485001007	0	11450,0	1890	713
-28.45	-27.55	-0.236359975840548	0	11450,0	1891	713
-25.45	-24.55	-1.79867123011878	0	11450,0	1894	715
-23.45	-22.55	-1.91181799879203	0	11450,0	1896	716
-22.45	-21.55	-1.16569357761224	0	11450,0	1897	716
-21.45	-20.55	-0.0261727400845581	0	11450,0	1898	716
-18.45	-17.55	-0.0672438091403262	0	11450,0	1901	718
-16.45	-15.55	-1.65733843366217	0	11450,0	1903	719
-15.45	-14.55	-1.21924703040064	0	11450,0	1904	719
-14.45	-13.55	-0.0193275619085967	0	11450,0	1905	719
-13.45	-12.55	-0.216629756392188	0	11450,0	1906	719
-12.45	-11.55	-0.0982484397020334	0	11450,0	1907	719
-11.45	-10.55	-1.49708073283672	0	11450,0	1908	719
-9.45	-8.55	-0.363197100865714	0	11450,0	1910	720
-8.45	-7.55	-3.91181799879203	0	11450,0	1911	720
-7.45	-6.55	-0.938997382725992	0	11450,0	1912	720
-6.45	-5.55	-0.559291322730018	0	11450,0	1913	720
-4.45	-3.55	-2.01167706865311	0	11450,0	1915	721
-3.45	-2.55	-1.05456009663781	0	11450,0	1916	721
-2.45	-1.55	-1.89329575196296	0	11450,0	1917	721
-1.45	-0.55	-0.594725186229112	0	11450,0	1918	721
-0.45	0.45	-0.409502717938393	0	11450,0	1919	721
0.55	1.45	-0.692973625931146	0	11450,0	1920	721
1.55	2.45	-1.90859673847393	0	11450,0	1921	721
2.55	3.45	-2.31890477149185	0	11450,0	1922	721
3.55	4.45	-3.51479766458627	0	11450,0	1923	721
-45.45	-44.55	-8.85604992953493	0	11500,50	1924	721
-44.45	-43.55	-9.32836722367626	0	11500,50	1925	721
-43.45	-42.55	-1.84658747735051	0	11500,50	1926	721
-42.45	-41.55	-0.772297161264345	0	11500,50	1927	721
-41.45	-40.55	-4.32856855244614	0	11500,50	1928	721
-40.45	-39.55	-5.84215824441313	0	11500,50	1929	721
-39.45	-38.55	-2.11314676867324	0	11500,50	1930	721
-38.45	-37.55	-0.671230118783974	0	11500,50	1931	721
-37.45	-36.55	-3.17133078316892	0	11500,50	1932	721
-36.45	-35.55	-0.887054560096638	0	11500,50	1933	721
-35.45	-34.55	-1.36380108717536	0	11500,50	1934	721
-34.45	-33.55	-1.37749144352728	0	11500,50	1935	721
-33.45	-32.55	-0.718743708475941	0	11500,50	1936	721
-32.45	-31.55	-0.254479565129857	0	11500,50	1937	721
-31.45	-30.55	-0.0688544392993759	0	11500,50	1938	721
-23.45	-22.55	-2.83350110730823	0	11500,50	1946	728
-22.45	-21.55	-2.6430440910006	0	11500,50	1947	728
-21.45	-20.55	-0.711093215220455	0	11500,50	1948	728
-18.45	-17.55	-0.433259512784377	0	11500,50	1951	730
-16.45	-15.55	-0.260519428226294	0	11500,50	1953	731
-14.45	-13.55	-0.277028387356553	0	11500,50	1955	732
-13.45	-12.55	-0.240386551238172	0	11500,50	1956	732
-12.45	-11.55	-1.03764847996779	0	11500,50	1957	732
-11.45	-10.55	-1.70404670827461	0	11500,50	1958	732
-10.45	-9.55	-2.37527682705859	0	11500,50	1959	732
-9.45	-8.55	-0.601570364405074	0	11500,50	1960	732
-8.45	-7.55	-1.45158043084357	0	11500,50	1961	732
-7.45	-6.55	-1.1628749748339	0	11500,50	1962	732
-5.45	-4.55	-0.776726394201732	0	11500,50	1964	733
-4.45	-3.55	-0.356754580229515	0	11500,50	1965	733
-3.45	-2.55	-0.671230118783974	0	11500,50	1966	733
-1.45	-0.55	-1.8316891483793	0	11500,50	1968	734
-0.45	0.45	-3.13388363197101	0	11500,50	1969	734
0.55	1.45	-0.862089792631367	0	11500,50	1970	734
1.55	2.45	-0.120394604388967	0	11500,50	1971	734
4.55	5.45	-0.782363599758406	0	11500,50	1974	736
-44.45	-43.55	-2.50493255486209	0	11550,100	1975	736
-43.45	-42.55	-0.663176967988726	0	11550,100	1976	736
-41.45	-40.55	-0.730018119589289	0	11550,100	1978	737
-40.45	-39.55	-0.419971813972217	0	11550,100	1979	737
-39.45	-38.55	-0.754580229514798	0	11550,100	1980	737
-38.45	-37.55	-0.69861083148782	0	11550,100	1981	737
-36.45	-35.55	-0.579021542178377	0	11550,100	1983	738
-35.45	-34.55	-0.0342258908798067	0	11550,100	1984	738
-34.45	-33.55	-0.839540970404671	0	11550,100	1985	738
-32.45	-31.55	-1.72820616066036	0	11550,100	1987	739
-31.45	-30.55	-1.92268975236561	0	11550,100	1988	739
-30.45	-29.55	-2.43607811556271	0	11550,100	1989	739
-29.45	-28.55	-2.52426011677069	0	11550,100	1990	739
-28.45	-27.55	-6.08737668612845	0	11550,100	1991	739
-27.45	-26.55	-3.18663176967989	0	11550,100	1992	739
-26.45	-25.55	-2.77189450372458	0	11550,100	1993	739
-25.45	-24.55	-6.52788403462855	0	11550,100	1994	739
-24.45	-23.55	-7.83974229917455	0	11550,100	1995	739
-23.45	-22.55	-7.06140527481377	0	11550,100	1996	739
-22.45	-21.55	-1.8445741896517	0	11550,100	1997	739
-21.45	-20.55	-2.3076303603785	0	11550,100	1998	739
-20.45	-19.55	-1.73021944835917	0	11550,100	1999	739
-19.45	-18.55	-0.603986309643648	0	11550,100	2000	739
-18.45	-17.55	-0.0587880008053151	0	11550,100	2001	739
-17.45	-16.55	-0.0136903563519227	0	11550,100	2002	739
-16.45	-15.55	-0.409100060398631	0	11550,100	2003	739
-15.45	-14.55	-1.95651298570566	0	11550,100	2004	739
-14.45	-13.55	-0.763036037849809	0	11550,100	2005	739
-13.45	-12.55	-1.7181397221663	0	11550,100	2006	739
-10.45	-9.55	-0.0181195892893094	0	11550,100	2009	741
-9.45	-8.55	-0.109925508355144	0	11550,100	2010	741
-8.45	-7.55	-0.404268169921482	0	11550,100	2011	741
-7.45	-6.55	-4.35031205959332	0	11550,100	2012	741
-6.45	-5.55	-2.32132071673042	0	11550,100	2013	741
-5.45	-4.55	-1.1061002617274	0	11550,100	2014	741
-4.45	-3.55	-0.921280450976445	0	11550,100	2015	741
-3.45	-2.55	-0.0539561103281659	0	11550,100	2016	741
-0.45	0.45	-0.170324139319509	0	11550,100	2019	743
0.55	1.45	-0.561707267968593	0	11550,100	2020	743
1.55	2.45	-0.630561707267969	0	11550,100	2021	743
-44.45	-43.55	-2.88665190255688	0	11600,150	2025	746
-43.45	-42.55	-1.9464465472116	0	11600,150	2026	746
-42.45	-41.55	-2.07771290517415	0	11600,150	2027	746
-41.45	-40.55	-1.56633782967586	0	11600,150	2028	746
-40.45	-39.55	-0.936581437487417	0	11600,150	2029	746
-36.45	-35.55	-0.0217435071471713	0	11600,150	2033	749
-35.45	-34.55	-0.0418763841352929	0	11600,150	2034	749
-33.45	-32.55	-1.21642842762231	0	11600,150	2036	750
-32.45	-31.55	-0.361183813166902	0	11600,150	2037	750
-31.45	-30.55	-0.182001207972619	0	11600,150	2038	750
-30.45	-29.55	-0.632172337427018	0	11600,150	2039	750
-29.45	-28.55	-0.0173142742097846	0	11600,150	2040	750
-28.45	-27.55	-1.39198711495873	0	11600,150	2041	750
-27.45	-26.55	-4.26535131870344	0	11600,150	2042	750
-26.45	-25.55	-2.19247030400644	0	11600,150	2043	750
-25.45	-24.55	-2.39822830682505	0	11600,150	2044	750
-24.45	-23.55	-6.19851016710288	0	11600,150	2045	750
-23.45	-22.55	-6.16629756392188	0	11600,150	2046	750
-22.45	-21.55	-3.87396819005436	0	11600,150	2047	750
-21.45	-20.55	-2.64384940608013	0	11600,150	2048	750
-20.45	-19.55	-1.94886249245017	0	11600,150	2049	750
-19.45	-18.55	-2.13529293336018	0	11600,150	2050	750
-18.45	-17.55	-2.45218441715321	0	11600,150	2051	750
-17.45	-16.55	-1.37628347090799	0	11600,150	2052	750
-16.45	-15.55	-0.586672035433864	0	11600,150	2053	750
-15.45	-14.55	-0.59432252868935	0	11600,150	2054	750
-6.45	-5.55	-0.130461042883028	0	11600,150	2063	758
-3.45	-2.55	-0.265753976243205	0	11600,150	2066	760
-2.45	-1.55	-0.032615260720757	0	11600,150	2067	760
-1.45	-0.55	-0.0893899738272599	0	11600,150	2068	760
-0.45	0.45	-0.264143346084155	0	11600,150	2069	760
-45.45	-44.55	-8.85604992953493	0	11500,0	2075	765
-44.45	-43.55	-9.32836722367626	0	11500,0	2076	765
-43.45	-42.55	-1.84658747735051	0	11500,0	2077	765
-42.45	-41.55	-0.772297161264345	0	11500,0	2078	765
-41.45	-40.55	-4.32856855244614	0	11500,0	2079	765
-40.45	-39.55	-5.84215824441313	0	11500,0	2080	765
-39.45	-38.55	-2.11314676867324	0	11500,0	2081	765
-38.45	-37.55	-0.671230118783974	0	11500,0	2082	765
-37.45	-36.55	-3.17133078316892	0	11500,0	2083	765
-36.45	-35.55	-0.887054560096638	0	11500,0	2084	765
-35.45	-34.55	-1.36380108717536	0	11500,0	2085	765
-34.45	-33.55	-1.37749144352728	0	11500,0	2086	765
-33.45	-32.55	-0.718743708475941	0	11500,0	2087	765
-32.45	-31.55	-0.254479565129857	0	11500,0	2088	765
-31.45	-30.55	-0.0688544392993759	0	11500,0	2089	765
-23.45	-22.55	-2.83350110730823	0	11500,0	2097	772
-22.45	-21.55	-2.6430440910006	0	11500,0	2098	772
-21.45	-20.55	-0.711093215220455	0	11500,0	2099	772
-18.45	-17.55	-0.433259512784377	0	11500,0	2102	774
-16.45	-15.55	-0.260519428226294	0	11500,0	2104	775
-14.45	-13.55	-0.277028387356553	0	11500,0	2106	776
-13.45	-12.55	-0.240386551238172	0	11500,0	2107	776
-12.45	-11.55	-1.03764847996779	0	11500,0	2108	776
-11.45	-10.55	-1.70404670827461	0	11500,0	2109	776
-10.45	-9.55	-2.37527682705859	0	11500,0	2110	776
-9.45	-8.55	-0.601570364405074	0	11500,0	2111	776
-8.45	-7.55	-1.45158043084357	0	11500,0	2112	776
-7.45	-6.55	-1.1628749748339	0	11500,0	2113	776
-5.45	-4.55	-0.776726394201732	0	11500,0	2115	777
-4.45	-3.55	-0.356754580229515	0	11500,0	2116	777
-3.45	-2.55	-0.671230118783974	0	11500,0	2117	777
-1.45	-0.55	-1.8316891483793	0	11500,0	2119	778
-0.45	0.45	-3.13388363197101	0	11500,0	2120	778
0.55	1.45	-0.862089792631367	0	11500,0	2121	778
1.55	2.45	-0.120394604388967	0	11500,0	2122	778
4.55	5.45	-0.782363599758406	0	11500,0	2125	780
-44.45	-43.55	-2.88665190255688	0	11600,100	2127	781
-43.45	-42.55	-1.9464465472116	0	11600,100	2128	781
-42.45	-41.55	-2.07771290517415	0	11600,100	2129	781
-41.45	-40.55	-1.56633782967586	0	11600,100	2130	781
-40.45	-39.55	-0.936581437487417	0	11600,100	2131	781
-36.45	-35.55	-0.0217435071471713	0	11600,100	2135	784
-35.45	-34.55	-0.0418763841352929	0	11600,100	2136	784
-33.45	-32.55	-1.21642842762231	0	11600,100	2138	785
-32.45	-31.55	-0.361183813166902	0	11600,100	2139	785
-31.45	-30.55	-0.182001207972619	0	11600,100	2140	785
-30.45	-29.55	-0.632172337427018	0	11600,100	2141	785
-29.45	-28.55	-0.0173142742097846	0	11600,100	2142	785
-28.45	-27.55	-1.39198711495873	0	11600,100	2143	785
-27.45	-26.55	-4.26535131870344	0	11600,100	2144	785
-26.45	-25.55	-2.19247030400644	0	11600,100	2145	785
-25.45	-24.55	-2.39822830682505	0	11600,100	2146	785
-24.45	-23.55	-6.19851016710288	0	11600,100	2147	785
-23.45	-22.55	-6.16629756392188	0	11600,100	2148	785
-22.45	-21.55	-3.87396819005436	0	11600,100	2149	785
-21.45	-20.55	-2.64384940608013	0	11600,100	2150	785
-20.45	-19.55	-1.94886249245017	0	11600,100	2151	785
-19.45	-18.55	-2.13529293336018	0	11600,100	2152	785
-18.45	-17.55	-2.45218441715321	0	11600,100	2153	785
-17.45	-16.55	-1.37628347090799	0	11600,100	2154	785
-16.45	-15.55	-0.586672035433864	0	11600,100	2155	785
-15.45	-14.55	-0.59432252868935	0	11600,100	2156	785
-6.45	-5.55	-0.130461042883028	0	11600,100	2165	793
-3.45	-2.55	-0.265753976243205	0	11600,100	2168	795
-2.45	-1.55	-0.032615260720757	0	11600,100	2169	795
-1.45	-0.55	-0.0893899738272599	0	11600,100	2170	795
-0.45	0.45	-0.264143346084155	0	11600,100	2171	795
-44.45	-43.55	-2.50493255486209	0	11550,50	2177	800
-43.45	-42.55	-0.663176967988726	0	11550,50	2178	800
-41.45	-40.55	-0.730018119589289	0	11550,50	2180	801
-40.45	-39.55	-0.419971813972217	0	11550,50	2181	801
-39.45	-38.55	-0.754580229514798	0	11550,50	2182	801
-38.45	-37.55	-0.69861083148782	0	11550,50	2183	801
-36.45	-35.55	-0.579021542178377	0	11550,50	2185	802
-35.45	-34.55	-0.0342258908798067	0	11550,50	2186	802
-34.45	-33.55	-0.839540970404671	0	11550,50	2187	802
-32.45	-31.55	-1.72820616066036	0	11550,50	2189	803
-31.45	-30.55	-1.92268975236561	0	11550,50	2190	803
-30.45	-29.55	-2.43607811556271	0	11550,50	2191	803
-29.45	-28.55	-2.52426011677069	0	11550,50	2192	803
-28.45	-27.55	-6.08737668612845	0	11550,50	2193	803
-27.45	-26.55	-3.18663176967989	0	11550,50	2194	803
-26.45	-25.55	-2.77189450372458	0	11550,50	2195	803
-25.45	-24.55	-6.52788403462855	0	11550,50	2196	803
-24.45	-23.55	-7.83974229917455	0	11550,50	2197	803
-23.45	-22.55	-7.06140527481377	0	11550,50	2198	803
-22.45	-21.55	-1.8445741896517	0	11550,50	2199	803
-21.45	-20.55	-2.3076303603785	0	11550,50	2200	803
-20.45	-19.55	-1.73021944835917	0	11550,50	2201	803
-19.45	-18.55	-0.603986309643648	0	11550,50	2202	803
-18.45	-17.55	-0.0587880008053151	0	11550,50	2203	803
-17.45	-16.55	-0.0136903563519227	0	11550,50	2204	803
-16.45	-15.55	-0.409100060398631	0	11550,50	2205	803
-15.45	-14.55	-1.95651298570566	0	11550,50	2206	803
-14.45	-13.55	-0.763036037849809	0	11550,50	2207	803
-13.45	-12.55	-1.7181397221663	0	11550,50	2208	803
-10.45	-9.55	-0.0181195892893094	0	11550,50	2211	805
-9.45	-8.55	-0.109925508355144	0	11550,50	2212	805
-8.45	-7.55	-0.404268169921482	0	11550,50	2213	805
-7.45	-6.55	-4.35031205959332	0	11550,50	2214	805
-6.45	-5.55	-2.32132071673042	0	11550,50	2215	805
-5.45	-4.55	-1.1061002617274	0	11550,50	2216	805
-4.45	-3.55	-0.921280450976445	0	11550,50	2217	805
-3.45	-2.55	-0.0539561103281659	0	11550,50	2218	805
-0.45	0.45	-0.170324139319509	0	11550,50	2221	807
0.55	1.45	-0.561707267968593	0	11550,50	2222	807
1.55	2.45	-0.630561707267969	0	11550,50	2223	807
-44.45	-43.55	-2.50493255486209	0	11550,0	2226	809
-43.45	-42.55	-0.663176967988726	0	11550,0	2227	809
-41.45	-40.55	-0.730018119589289	0	11550,0	2229	810
-40.45	-39.55	-0.419971813972217	0	11550,0	2230	810
-39.45	-38.55	-0.754580229514798	0	11550,0	2231	810
-38.45	-37.55	-0.69861083148782	0	11550,0	2232	810
-36.45	-35.55	-0.579021542178377	0	11550,0	2234	811
-35.45	-34.55	-0.0342258908798067	0	11550,0	2235	811
-34.45	-33.55	-0.839540970404671	0	11550,0	2236	811
-32.45	-31.55	-1.72820616066036	0	11550,0	2238	812
-31.45	-30.55	-1.92268975236561	0	11550,0	2239	812
-30.45	-29.55	-2.43607811556271	0	11550,0	2240	812
-29.45	-28.55	-2.52426011677069	0	11550,0	2241	812
-28.45	-27.55	-6.08737668612845	0	11550,0	2242	812
-27.45	-26.55	-3.18663176967989	0	11550,0	2243	812
-26.45	-25.55	-2.77189450372458	0	11550,0	2244	812
-25.45	-24.55	-6.52788403462855	0	11550,0	2245	812
-24.45	-23.55	-7.83974229917455	0	11550,0	2246	812
-23.45	-22.55	-7.06140527481377	0	11550,0	2247	812
-22.45	-21.55	-1.8445741896517	0	11550,0	2248	812
-21.45	-20.55	-2.3076303603785	0	11550,0	2249	812
-20.45	-19.55	-1.73021944835917	0	11550,0	2250	812
-19.45	-18.55	-0.603986309643648	0	11550,0	2251	812
-18.45	-17.55	-0.0587880008053151	0	11550,0	2252	812
-17.45	-16.55	-0.0136903563519227	0	11550,0	2253	812
-16.45	-15.55	-0.409100060398631	0	11550,0	2254	812
-15.45	-14.55	-1.95651298570566	0	11550,0	2255	812
-14.45	-13.55	-0.763036037849809	0	11550,0	2256	812
-13.45	-12.55	-1.7181397221663	0	11550,0	2257	812
-10.45	-9.55	-0.0181195892893094	0	11550,0	2260	814
-9.45	-8.55	-0.109925508355144	0	11550,0	2261	814
-8.45	-7.55	-0.404268169921482	0	11550,0	2262	814
-7.45	-6.55	-4.35031205959332	0	11550,0	2263	814
-6.45	-5.55	-2.32132071673042	0	11550,0	2264	814
-5.45	-4.55	-1.1061002617274	0	11550,0	2265	814
-4.45	-3.55	-0.921280450976445	0	11550,0	2266	814
-3.45	-2.55	-0.0539561103281659	0	11550,0	2267	814
-0.45	0.45	-0.170324139319509	0	11550,0	2270	816
0.55	1.45	-0.561707267968593	0	11550,0	2271	816
1.55	2.45	-0.630561707267969	0	11550,0	2272	816
-44.45	-43.55	-2.88665190255688	0	11600,50	2276	819
-43.45	-42.55	-1.9464465472116	0	11600,50	2277	819
-42.45	-41.55	-2.07771290517415	0	11600,50	2278	819
-41.45	-40.55	-1.56633782967586	0	11600,50	2279	819
-40.45	-39.55	-0.936581437487417	0	11600,50	2280	819
-36.45	-35.55	-0.0217435071471713	0	11600,50	2284	822
-35.45	-34.55	-0.0418763841352929	0	11600,50	2285	822
-33.45	-32.55	-1.21642842762231	0	11600,50	2287	823
-32.45	-31.55	-0.361183813166902	0	11600,50	2288	823
-31.45	-30.55	-0.182001207972619	0	11600,50	2289	823
-30.45	-29.55	-0.632172337427018	0	11600,50	2290	823
-29.45	-28.55	-0.0173142742097846	0	11600,50	2291	823
-28.45	-27.55	-1.39198711495873	0	11600,50	2292	823
-27.45	-26.55	-4.26535131870344	0	11600,50	2293	823
-26.45	-25.55	-2.19247030400644	0	11600,50	2294	823
-25.45	-24.55	-2.39822830682505	0	11600,50	2295	823
-24.45	-23.55	-6.19851016710288	0	11600,50	2296	823
-23.45	-22.55	-6.16629756392188	0	11600,50	2297	823
-22.45	-21.55	-3.87396819005436	0	11600,50	2298	823
-21.45	-20.55	-2.64384940608013	0	11600,50	2299	823
-20.45	-19.55	-1.94886249245017	0	11600,50	2300	823
-19.45	-18.55	-2.13529293336018	0	11600,50	2301	823
-18.45	-17.55	-2.45218441715321	0	11600,50	2302	823
-17.45	-16.55	-1.37628347090799	0	11600,50	2303	823
-16.45	-15.55	-0.586672035433864	0	11600,50	2304	823
-15.45	-14.55	-0.59432252868935	0	11600,50	2305	823
-6.45	-5.55	-0.130461042883028	0	11600,50	2314	831
-3.45	-2.55	-0.265753976243205	0	11600,50	2317	833
-2.45	-1.55	-0.032615260720757	0	11600,50	2318	833
-1.45	-0.55	-0.0893899738272599	0	11600,50	2319	833
-0.45	0.45	-0.264143346084155	0	11600,50	2320	833
-44.45	-43.55	-1.14314475538554	0	11650,100	2326	838
-34.45	-33.55	-0.675256694181599	0	11650,100	2336	847
-31.45	-30.55	-0.0261727400845581	0	11650,100	2339	849
-28.45	-27.55	-0.283873565532515	0	11650,100	2342	851
-27.45	-26.55	-2.95470102677673	0	11650,100	2343	851
-26.45	-25.55	-1.96215019126233	0	11650,100	2344	851
-25.45	-24.55	-5.98510167102879	0	11650,100	2345	851
-24.45	-23.55	-0.451781759613449	0	11650,100	2346	851
-23.45	-22.55	-1.15321119387961	0	11650,100	2347	851
-22.45	-21.55	-3.18904771491846	0	11650,100	2348	851
-21.45	-20.55	-4.49687940406684	0	11650,100	2349	851
-20.45	-19.55	-7.13428628951077	0	11650,100	2350	851
-19.45	-18.55	-3.6517012281055	0	11650,100	2351	851
-18.45	-17.55	-3.17696798872559	0	11650,100	2352	851
-17.45	-16.55	-3.71048922891081	0	11650,100	2353	851
-16.45	-15.55	-1.96053956110328	0	11650,100	2354	851
-15.45	-14.55	-3.18381316690155	0	11650,100	2355	851
-14.45	-13.55	-1.75921079122207	0	11650,100	2356	851
-13.45	-12.55	-2.88302798469901	0	11650,100	2357	851
-12.45	-11.55	-1.55788202134085	0	11650,100	2358	851
-11.45	-10.55	-4.30521441513992	0	11650,100	2359	851
-10.45	-9.55	-1.73706462653513	0	11650,100	2360	851
-9.45	-8.55	-0.268572579021542	0	11650,100	2361	851
-4.45	-3.55	-0.0140930138916851	0	11650,100	2366	855
-3.45	-2.55	-0.130461042883028	0	11650,100	2367	855
-0.45	0.45	-3.44392993758808	0	11650,100	2370	857
0.55	1.45	-2.24803704449366	0	11650,100	2371	857
1.55	2.45	-3.20515401650896	0	11650,100	2372	857
2.55	3.45	-0.989732232736058	0	11650,100	2373	857
3.55	4.45	-0.189651701228105	0	11650,100	2374	857
-44.45	-43.55	-2.88665190255688	0	11600,0	2376	858
-43.45	-42.55	-1.9464465472116	0	11600,0	2377	858
-42.45	-41.55	-2.07771290517415	0	11600,0	2378	858
-41.45	-40.55	-1.56633782967586	0	11600,0	2379	858
-40.45	-39.55	-0.936581437487417	0	11600,0	2380	858
-36.45	-35.55	-0.0217435071471713	0	11600,0	2384	861
-35.45	-34.55	-0.0418763841352929	0	11600,0	2385	861
-33.45	-32.55	-1.21642842762231	0	11600,0	2387	862
-32.45	-31.55	-0.361183813166902	0	11600,0	2388	862
-31.45	-30.55	-0.182001207972619	0	11600,0	2389	862
-30.45	-29.55	-0.632172337427018	0	11600,0	2390	862
-29.45	-28.55	-0.0173142742097846	0	11600,0	2391	862
-28.45	-27.55	-1.39198711495873	0	11600,0	2392	862
-27.45	-26.55	-4.26535131870344	0	11600,0	2393	862
-26.45	-25.55	-2.19247030400644	0	11600,0	2394	862
-25.45	-24.55	-2.39822830682505	0	11600,0	2395	862
-24.45	-23.55	-6.19851016710288	0	11600,0	2396	862
-23.45	-22.55	-6.16629756392188	0	11600,0	2397	862
-22.45	-21.55	-3.87396819005436	0	11600,0	2398	862
-21.45	-20.55	-2.64384940608013	0	11600,0	2399	862
-20.45	-19.55	-1.94886249245017	0	11600,0	2400	862
-19.45	-18.55	-2.13529293336018	0	11600,0	2401	862
-18.45	-17.55	-2.45218441715321	0	11600,0	2402	862
-17.45	-16.55	-1.37628347090799	0	11600,0	2403	862
-16.45	-15.55	-0.586672035433864	0	11600,0	2404	862
-15.45	-14.55	-0.59432252868935	0	11600,0	2405	862
-6.45	-5.55	-0.130461042883028	0	11600,0	2414	870
-3.45	-2.55	-0.265753976243205	0	11600,0	2417	872
-2.45	-1.55	-0.032615260720757	0	11600,0	2418	872
-1.45	-0.55	-0.0893899738272599	0	11600,0	2419	872
-0.45	0.45	-0.264143346084155	0	11600,0	2420	872
-44.45	-43.55	-1.14314475538554	0	11650,50	2426	877
-34.45	-33.55	-0.675256694181599	0	11650,50	2436	886
-31.45	-30.55	-0.0261727400845581	0	11650,50	2439	888
-28.45	-27.55	-0.283873565532515	0	11650,50	2442	890
-27.45	-26.55	-2.95470102677673	0	11650,50	2443	890
-26.45	-25.55	-1.96215019126233	0	11650,50	2444	890
-25.45	-24.55	-5.98510167102879	0	11650,50	2445	890
-24.45	-23.55	-0.451781759613449	0	11650,50	2446	890
-23.45	-22.55	-1.15321119387961	0	11650,50	2447	890
-22.45	-21.55	-3.18904771491846	0	11650,50	2448	890
-21.45	-20.55	-4.49687940406684	0	11650,50	2449	890
-20.45	-19.55	-7.13428628951077	0	11650,50	2450	890
-19.45	-18.55	-3.6517012281055	0	11650,50	2451	890
-18.45	-17.55	-3.17696798872559	0	11650,50	2452	890
-17.45	-16.55	-3.71048922891081	0	11650,50	2453	890
-16.45	-15.55	-1.96053956110328	0	11650,50	2454	890
-15.45	-14.55	-3.18381316690155	0	11650,50	2455	890
-14.45	-13.55	-1.75921079122207	0	11650,50	2456	890
-13.45	-12.55	-2.88302798469901	0	11650,50	2457	890
-12.45	-11.55	-1.55788202134085	0	11650,50	2458	890
-11.45	-10.55	-4.30521441513992	0	11650,50	2459	890
-10.45	-9.55	-1.73706462653513	0	11650,50	2460	890
-9.45	-8.55	-0.268572579021542	0	11650,50	2461	890
-4.45	-3.55	-0.0140930138916851	0	11650,50	2466	894
-3.45	-2.55	-0.130461042883028	0	11650,50	2467	894
-0.45	0.45	-3.44392993758808	0	11650,50	2470	896
0.55	1.45	-2.24803704449366	0	11650,50	2471	896
1.55	2.45	-3.20515401650896	0	11650,50	2472	896
2.55	3.45	-0.989732232736058	0	11650,50	2473	896
3.55	4.45	-0.189651701228105	0	11650,50	2474	896
-44.45	-43.55	-1.14314475538554	0	11650,0	2475	896
-34.45	-33.55	-0.675256694181599	0	11650,0	2485	905
-31.45	-30.55	-0.0261727400845581	0	11650,0	2488	907
-28.45	-27.55	-0.283873565532515	0	11650,0	2491	909
-27.45	-26.55	-2.95470102677673	0	11650,0	2492	909
-26.45	-25.55	-1.96215019126233	0	11650,0	2493	909
-25.45	-24.55	-5.98510167102879	0	11650,0	2494	909
-24.45	-23.55	-0.451781759613449	0	11650,0	2495	909
-23.45	-22.55	-1.15321119387961	0	11650,0	2496	909
-22.45	-21.55	-3.18904771491846	0	11650,0	2497	909
-21.45	-20.55	-4.49687940406684	0	11650,0	2498	909
-20.45	-19.55	-7.13428628951077	0	11650,0	2499	909
-19.45	-18.55	-3.6517012281055	0	11650,0	2500	909
-18.45	-17.55	-3.17696798872559	0	11650,0	2501	909
-17.45	-16.55	-3.71048922891081	0	11650,0	2502	909
-16.45	-15.55	-1.96053956110328	0	11650,0	2503	909
-15.45	-14.55	-3.18381316690155	0	11650,0	2504	909
-14.45	-13.55	-1.75921079122207	0	11650,0	2505	909
-13.45	-12.55	-2.88302798469901	0	11650,0	2506	909
-12.45	-11.55	-1.55788202134085	0	11650,0	2507	909
-11.45	-10.55	-4.30521441513992	0	11650,0	2508	909
-10.45	-9.55	-1.73706462653513	0	11650,0	2509	909
-9.45	-8.55	-0.268572579021542	0	11650,0	2510	909
-4.45	-3.55	-0.0140930138916851	0	11650,0	2515	913
-3.45	-2.55	-0.130461042883028	0	11650,0	2516	913
-0.45	0.45	-3.44392993758808	0	11650,0	2519	915
0.55	1.45	-2.24803704449366	0	11650,0	2520	915
1.55	2.45	-3.20515401650896	0	11650,0	2521	915
2.55	3.45	-0.989732232736058	0	11650,0	2522	915
3.55	4.45	-0.189651701228105	0	11650,0	2523	915
-45.45	-44.55	-2.00040265753976	0	11700,50	2524	915
-44.45	-43.55	-2.57459230924099	0	11700,50	2525	915
-43.45	-42.55	-1.64566136500906	0	11700,50	2526	915
-42.45	-41.55	-1.42822629353735	0	11700,50	2527	915
-41.45	-40.55	-2.48278639017516	0	11700,50	2528	915
-40.45	-39.55	-1.49506744513791	0	11700,50	2529	915
-39.45	-38.55	-2.08415542581035	0	11700,50	2530	915
-38.45	-37.55	-4.81054962754178	0	11700,50	2531	915
-36.45	-35.55	-0.04469498691363	0	11700,50	2533	916
-32.45	-31.55	-0.0789208777934367	0	11700,50	2537	919
-30.45	-29.55	-0.616871350916046	0	11700,50	2539	920
-29.45	-28.55	-0.289510771089189	0	11700,50	2540	920
-28.45	-27.55	-0.214616468693376	0	11700,50	2541	920
-26.45	-25.55	-2.93336017716932	0	11700,50	2543	921
-24.45	-23.55	-0.0217435071471713	0	11700,50	2545	922
-23.45	-22.55	-0.0112744111133481	0	11700,50	2546	922
-15.45	-14.55	-0.280249647674653	0	11700,50	2554	929
-14.45	-13.55	-0.655123817193477	0	11700,50	2555	929
-13.45	-12.55	-2.43044091000604	0	11700,50	2556	929
-12.45	-11.55	-2.55244614455406	0	11700,50	2557	929
-11.45	-10.55	-1.50513388363197	0	11700,50	2558	929
-10.45	-9.55	-0.424803704449366	0	11700,50	2559	929
-9.45	-8.55	-0.496476746527079	0	11700,50	2560	929
-7.45	-6.55	-0.204952687739078	0	11700,50	2562	930
-4.45	-3.55	-0.0845580833501107	0	11700,50	2565	932
-3.45	-2.55	-0.0173142742097846	0	11700,50	2566	932
-2.45	-1.55	-0.308033017918261	0	11700,50	2567	932
-1.45	-0.55	-4.52667606200926	0	11700,50	2568	932
-0.45	0.45	-2.44533923897725	0	11700,50	2569	932
0.55	1.45	-6.14938594725186	0	11700,50	2570	932
1.55	2.45	-3.86510972417959	0	11700,50	2571	932
2.55	3.45	-2.39822830682505	0	11700,50	2572	932
3.55	4.45	-10	0	11700,50	2573	932
4.55	5.45	-6.70948258506141	0	11700,50	2574	932
-45.45	-44.55	-2.00040265753976	0	11700,0	2575	932
-44.45	-43.55	-2.57459230924099	0	11700,0	2576	932
-43.45	-42.55	-1.64566136500906	0	11700,0	2577	932
-42.45	-41.55	-1.42822629353735	0	11700,0	2578	932
-41.45	-40.55	-2.48278639017516	0	11700,0	2579	932
-40.45	-39.55	-1.49506744513791	0	11700,0	2580	932
-39.45	-38.55	-2.08415542581035	0	11700,0	2581	932
-38.45	-37.55	-4.81054962754178	0	11700,0	2582	932
-36.45	-35.55	-0.04469498691363	0	11700,0	2584	933
-32.45	-31.55	-0.0789208777934367	0	11700,0	2588	936
-30.45	-29.55	-0.616871350916046	0	11700,0	2590	937
-29.45	-28.55	-0.289510771089189	0	11700,0	2591	937
-28.45	-27.55	-0.214616468693376	0	11700,0	2592	937
-26.45	-25.55	-2.93336017716932	0	11700,0	2594	938
-24.45	-23.55	-0.0217435071471713	0	11700,0	2596	939
-23.45	-22.55	-0.0112744111133481	0	11700,0	2597	939
-15.45	-14.55	-0.280249647674653	0	11700,0	2605	946
-14.45	-13.55	-0.655123817193477	0	11700,0	2606	946
-13.45	-12.55	-2.43044091000604	0	11700,0	2607	946
-12.45	-11.55	-2.55244614455406	0	11700,0	2608	946
-11.45	-10.55	-1.50513388363197	0	11700,0	2609	946
-10.45	-9.55	-0.424803704449366	0	11700,0	2610	946
-9.45	-8.55	-0.496476746527079	0	11700,0	2611	946
-7.45	-6.55	-0.204952687739078	0	11700,0	2613	947
-4.45	-3.55	-0.0845580833501107	0	11700,0	2616	949
-3.45	-2.55	-0.0173142742097846	0	11700,0	2617	949
-2.45	-1.55	-0.308033017918261	0	11700,0	2618	949
-1.45	-0.55	-4.52667606200926	0	11700,0	2619	949
-0.45	0.45	-2.44533923897725	0	11700,0	2620	949
0.55	1.45	-6.14938594725186	0	11700,0	2621	949
1.55	2.45	-3.86510972417959	0	11700,0	2622	949
2.55	3.45	-2.39822830682505	0	11700,0	2623	949
3.55	4.45	-10	0	11700,0	2624	949
4.55	5.45	-6.70948258506141	0	11700,0	2625	949
-44.45	-43.55	-1.54137306221059	0	11750,0	2626	949
-43.45	-42.55	-0.062411918663177	0	11750,0	2627	949
-42.45	-41.55	-2.43446748540366	0	11750,0	2628	949
-40.45	-39.55	-3.57801489832897	0	11750,0	2630	950
-39.45	-38.55	-6.73283672236763	0	11750,0	2631	950
-38.45	-37.55	-3.62713911817999	0	11750,0	2632	950
-37.45	-36.55	-3.55264747332394	0	11750,0	2633	950
-36.45	-35.55	-2.27743104489632	0	11750,0	2634	950
-35.45	-34.55	-3.50312059593316	0	11750,0	2635	950
-34.45	-33.55	-5.11455607006241	0	11750,0	2636	950
-33.45	-32.55	-1.08798067243809	0	11750,0	2637	950
-32.45	-31.55	-3.55989530903966	0	11750,0	2638	950
-31.45	-30.55	-5.38916851218039	0	11750,0	2639	950
-30.45	-29.55	-1.52083752768271	0	11750,0	2640	950
-29.45	-28.55	-2.42238775921079	0	11750,0	2641	950
-28.45	-27.55	-3.10529494664788	0	11750,0	2642	950
-26.45	-25.55	-2.32856855244614	0	11750,0	2644	951
-25.45	-24.55	-2.5894906382122	0	11750,0	2645	951
-24.45	-23.55	-2.75820414737266	0	11750,0	2646	951
-23.45	-22.55	-1.70686531105295	0	11750,0	2647	951
-22.45	-21.55	-0.484397020334206	0	11750,0	2648	951
-20.45	-19.55	-0.0942218643044091	0	11750,0	2650	952
-18.45	-17.55	-0.401852224682907	0	11750,0	2652	953
-16.45	-15.55	-0.572981679081941	0	11750,0	2654	954
-15.45	-14.55	-2.56492852828669	0	11750,0	2655	954
-14.45	-13.55	-0.797261928729616	0	11750,0	2656	954
-13.45	-12.55	-3.80229514797665	0	11750,0	2657	954
-12.45	-11.55	-0.606804912421985	0	11750,0	2658	954
-11.45	-10.55	-0.531910610026173	0	11750,0	2659	954
-10.45	-9.55	-0.353935977451178	0	11750,0	2660	954
-6.45	-5.55	-0.584256090195289	0	11750,0	2664	957
-5.45	-4.55	-2.48520233541373	0	11750,0	2665	957
-4.45	-3.55	-1.1918663176968	0	11750,0	2666	957
-3.45	-2.55	-0.32615260720757	0	11750,0	2667	957
