x	y	clickSelects
-0.11278756432748	1.97031785179013	36
-0.10898025566333	1.90413600168833	11
-0.10970666472756	1.86774816950974	36
0.02319453067537	1.6053118691122	11
0.0342066928418001	1.7386167265823	72
-0.12131307251817	1.83975972405536	80
0.0408895562259399	1.67772685921208	26
0.0410625482257498	1.6943271728917	11
0.0372522219882998	1.71534028456715	399
-0.10752842428795	1.94350857950622	43
0.03330802124204	1.74961596570475	123
-0.11106656718792	1.86578354387275	4
0.03330802124204	1.74961596570475	4
0.0325783747267301	1.74306933797606	149
0.0318483788672999	1.7265506855501	26
0.0349358537842401	1.73564482704256	26
-0.1068030014327	1.94977812588728	107
0.04178918622328	1.66763399611922	4
0.0396082319698698	1.71631076439442	615
0.0372522219882998	1.71534028456715	44
0.0388805531098502	1.71460451561173	13
0.0340373187167802	1.74660717467523	4
-0.1053531400289	1.93653867572517	4
-0.10417694168971	1.88483219308302	32
0.03742415241874	1.68614300918214	4
0.0271610016600201	1.67489733659711	4
0.0240903213759802	1.59640478165358	32
-0.10698871229065	1.96000017815719	129
-0.11033553003612	1.83947811840077	96
-0.11297008035434	1.99520542550097	58
0.0340373187167802	1.74660717467523	11
0.0387081974790702	1.72707322639813	82
-0.1098748163562	1.95790361093723	6
-0.10626406517619	1.94882645504214	82
0.0408895562259399	1.67772685921208	73
0.0342066928418001	1.7386167265823	61
0.03900771982839	1.69597865406463	73
0.0286236184036102	1.68826189981096	13
-0.10916462159615	1.94072632726819	7
-0.10843899022928	1.95588005458207	73
0.0340373187167802	1.74660717467523	71
-0.12425164090958	1.80923384178674	321
0.0349358537842401	1.73564482704256	7
-0.10843899022928	1.95588005458207	91
-0.11677502763705	1.93386741115154	73
-0.11151394705899	1.98942059528054	39
0.0379803835671901	1.72533653142097	671
0.0342066928418001	1.7386167265823	166
0.0340373187167802	1.74660717467523	71
0.0295207838460798	1.67819317945425	52
0.0288856132978701	1.56022745585958	41
