group	x	y	showSelected1
1	11080	24	31
2	11130	24	31
2	11130	24	455
2	11130	24	196
2	11130	24	512
2	11130	24	614
2	11130	24	453
2	11130	24	479
3	11130	74	31
6	11180	74	31
6	11180	74	212
6	11180	74	170
6	11180	74	26
6	11180	74	2
5	11180	124	212
8	11230	124	212
8	11230	124	26
8	11230	124	13
8	11230	124	11
9	11230	174	11
13	11280	174	11
13	11280	174	235
13	11280	174	628
13	11280	174	635
13	11280	174	59
13	11280	174	276
13	11280	174	230
13	11280	174	283
13	11280	174	120
13	11280	174	406
13	11280	174	662
13	11280	174	526
13	11280	174	43
13	11280	174	644
14	11280	224	11
19	11330	224	11
19	11330	224	90
19	11330	224	36
19	11330	224	133
19	11330	224	564
19	11330	224	72
19	11330	224	197
19	11330	224	22
19	11330	224	198
19	11330	224	240
19	11330	224	270
19	11330	224	248
19	11330	224	300
19	11330	224	570
19	11330	224	543
19	11330	224	222
19	11330	224	217
19	11330	224	389
19	11330	224	712
19	11330	224	647
19	11330	224	395
19	11330	224	99
19	11330	224	175
19	11330	224	660
19	11330	224	310
19	11330	224	598
19	11330	224	272
19	11330	224	214
19	11330	224	48
19	11330	224	540
19	11330	224	504
20	11330	274	22
26	11380	274	22
26	11380	274	430
26	11380	274	88
26	11380	274	172
26	11380	274	409
26	11380	274	14
26	11380	274	401
26	11380	274	191
26	11380	274	182
26	11380	274	97
26	11380	274	524
26	11380	274	72
26	11380	274	179
26	11380	274	715
26	11380	274	188
26	11380	274	515
26	11380	274	193
26	11380	274	611
26	11380	274	548
26	11380	274	95
26	11380	274	329
26	11380	274	503
26	11380	274	653
26	11380	274	432
26	11380	274	200
26	11380	274	300
26	11380	274	701
26	11380	274	618
26	11380	274	288
26	11380	274	30
26	11380	274	505
26	11380	274	592
26	11380	274	686
26	11380	274	164
26	11380	274	110
26	11380	274	415
26	11380	274	424
26	11380	274	658
26	11380	274	209
26	11380	274	64
26	11380	274	654
26	11380	274	369
26	11380	274	215
26	11380	274	426
26	11380	274	66
26	11380	274	434
26	11380	274	303
26	11380	274	246
26	11380	274	713
26	11380	274	391
27	11380	324	14
27	11380	324	659
34	11430	324	14
34	11430	324	305
34	11430	324	610
34	11430	324	23
34	11430	324	163
34	11430	324	442
34	11430	324	659
34	11430	324	346
34	11430	324	678
34	11430	324	263
34	11430	324	108
34	11430	324	236
34	11430	324	607
34	11430	324	411
34	11430	324	353
34	11430	324	27
34	11430	324	123
34	11430	324	567
34	11430	324	672
34	11430	324	53
34	11430	324	496
34	11430	324	176
34	11430	324	545
34	11430	324	495
34	11430	324	417
34	11430	324	624
34	11430	324	563
34	11430	324	521
34	11430	324	673
34	11430	324	634
34	11430	324	466
34	11430	324	414
34	11430	324	702
34	11430	324	580
34	11430	324	94
4	11180	24	31
4	11180	24	212
4	11180	24	2
4	11180	24	616
4	11180	24	538
12	11280	124	11
12	11280	124	13
12	11280	124	635
12	11280	124	397
12	11280	124	26
12	11280	124	43
12	11280	124	439
12	11280	124	40
12	11280	124	322
12	11280	124	148
12	11280	124	297
25	11380	224	22
25	11380	224	430
25	11380	224	72
25	11380	224	300
25	11380	224	604
25	11380	224	387
25	11380	224	543
25	11380	224	133
25	11380	224	553
25	11380	224	80
25	11380	224	214
25	11380	224	637
25	11380	224	377
25	11380	224	88
25	11380	224	578
25	11380	224	492
25	11380	224	110
25	11380	224	318
25	11380	224	158
25	11380	224	118
25	11380	224	34
25	11380	224	116
25	11380	224	36
25	11380	224	269
25	11380	224	552
25	11380	224	488
25	11380	224	316
25	11380	224	364
25	11380	224	566
25	11380	224	685
25	11380	224	540
25	11380	224	282
25	11380	224	76
25	11380	224	600
25	11380	224	372
25	11380	224	601
25	11380	224	312
25	11380	224	30
25	11380	224	582
25	11380	224	209
25	11380	224	666
25	11380	224	183
25	11380	224	587
25	11380	224	612
25	11380	224	535
25	11380	224	682
25	11380	224	246
25	11380	224	373
25	11380	224	583
25	11380	224	608
25	11380	224	87
25	11380	224	4
25	11380	224	591
25	11380	224	171
25	11380	224	250
25	11380	224	155
25	11380	224	613
25	11380	224	109
25	11380	224	365
25	11380	224	491
25	11380	224	105
25	11380	224	519
25	11380	224	86
25	11380	224	456
25	11380	224	421
25	11380	224	711
25	11380	224	186
25	11380	224	199
25	11380	224	697
25	11380	224	234
25	11380	224	646
25	11380	224	223
25	11380	224	347
25	11380	224	698
25	11380	224	588
25	11380	224	695
25	11380	224	539
25	11380	224	178
25	11380	224	77
10	11230	74	212
10	11230	74	26
10	11230	74	170
10	11230	74	13
10	11230	74	2
10	11230	74	317
18	11330	174	11
18	11330	174	222
18	11330	174	518
18	11330	174	93
18	11330	174	230
18	11330	174	36
18	11330	174	294
18	11330	174	590
18	11330	174	272
18	11330	174	549
18	11330	174	102
18	11330	174	719
18	11330	174	644
18	11330	174	625
18	11330	174	43
18	11330	174	106
18	11330	174	399
18	11330	174	25
18	11330	174	133
18	11330	174	202
18	11330	174	127
18	11330	174	70
18	11330	174	661
18	11330	174	125
18	11330	174	688
18	11330	174	284
18	11330	174	233
33	11430	274	14
33	11430	274	715
33	11430	274	46
33	11430	274	236
33	11430	274	123
33	11430	274	200
33	11430	274	686
33	11430	274	27
33	11430	274	633
33	11430	274	517
33	11430	274	417
33	11430	274	592
33	11430	274	53
33	11430	274	344
33	11430	274	104
33	11430	274	642
33	11430	274	330
33	11430	274	655
33	11430	274	467
33	11430	274	673
33	11430	274	88
33	11430	274	428
33	11430	274	9
33	11430	274	675
33	11430	274	226
33	11430	274	606
33	11430	274	396
33	11430	274	469
33	11430	274	560
33	11430	274	350
33	11430	274	231
33	11430	274	465
33	11430	274	708
33	11430	274	572
33	11430	274	363
33	11430	274	460
33	11430	274	4
33	11430	274	544
33	11430	274	622
33	11430	274	94
33	11430	274	278
33	11430	274	246
33	11430	274	513
33	11430	274	605
33	11430	274	190
33	11430	274	30
33	11430	274	138
33	11430	274	160
33	11430	274	380
33	11430	274	189
33	11430	274	260
33	11430	274	569
33	11430	274	667
33	11430	274	304
33	11430	274	68
33	11430	274	275
33	11430	274	136
33	11430	274	689
33	11430	274	351
33	11430	274	42
33	11430	274	431
33	11430	274	433
33	11430	274	251
33	11430	274	485
33	11430	274	167
33	11430	274	457
33	11430	274	687
33	11430	274	468
33	11430	274	131
33	11430	274	326
33	11430	274	405
33	11430	274	201
33	11430	274	441
33	11430	274	437
33	11430	274	349
33	11430	274	651
33	11430	274	487
33	11430	274	50
33	11430	274	328
33	11430	274	529
33	11430	274	213
33	11430	274	239
33	11430	274	458
33	11430	274	481
33	11430	274	38
33	11430	274	520
33	11430	274	386
7	11230	24	2
7	11230	24	212
7	11230	24	538
7	11230	24	26
7	11230	24	296
7	11230	24	407
7	11230	24	341
7	11230	24	13
7	11230	24	448
7	11230	24	632
7	11230	24	132
7	11230	24	332
7	11230	24	101
15	11280	74	26
15	11280	74	13
15	11280	74	148
15	11280	74	514
15	11280	74	297
15	11280	74	40
15	11280	74	510
15	11280	74	423
15	11280	74	32
17	11330	124	11
17	11330	124	43
17	11330	124	106
17	11330	124	40
17	11330	124	322
17	11330	124	259
17	11330	124	148
17	11330	124	15
17	11330	124	602
17	11330	124	370
17	11330	124	284
17	11330	124	297
17	11330	124	599
17	11330	124	32
17	11330	124	568
17	11330	124	537
17	11330	124	16
17	11330	124	268
17	11330	124	122
24	11380	174	133
24	11380	174	36
24	11380	174	591
24	11380	174	11
24	11380	174	70
24	11380	174	141
24	11380	174	87
24	11380	174	223
24	11380	174	325
24	11380	174	347
24	11380	174	4
24	11380	174	233
24	11380	174	459
24	11380	174	302
24	11380	174	207
24	11380	174	227
24	11380	174	652
24	11380	174	340
24	11380	174	77
24	11380	174	367
24	11380	174	419
24	11380	174	493
24	11380	174	96
24	11380	174	151
24	11380	174	371
24	11380	174	638
24	11380	174	89
24	11380	174	703
24	11380	174	117
24	11380	174	714
24	11380	174	58
32	11430	224	30
32	11430	224	246
32	11430	224	595
32	11430	224	4
32	11430	224	573
32	11430	224	286
32	11430	224	92
32	11430	224	447
32	11430	224	441
32	11430	224	711
32	11430	224	646
32	11430	224	326
32	11430	224	44
32	11430	224	619
32	11430	224	50
32	11430	224	266
32	11430	224	392
32	11430	224	178
32	11430	224	444
32	11430	224	123
32	11430	224	105
32	11430	224	77
32	11430	224	477
32	11430	224	594
32	11430	224	107
32	11430	224	262
32	11430	224	707
32	11430	224	446
32	11430	224	224
32	11430	224	376
32	11430	224	147
32	11430	224	615
32	11430	224	313
32	11430	224	360
32	11430	224	533
32	11430	224	159
32	11430	224	60
32	11430	224	152
32	11430	224	576
32	11430	224	629
32	11430	224	471
32	11430	224	281
32	11430	224	211
32	11430	224	8
32	11430	224	650
32	11430	224	309
32	11430	224	696
32	11430	224	511
32	11430	224	115
32	11430	224	1
32	11430	224	623
40	11480	274	42
40	11480	274	136
40	11480	274	123
40	11480	274	335
40	11480	274	131
40	11480	274	626
40	11480	274	167
40	11480	274	51
40	11480	274	669
40	11480	274	651
40	11480	274	38
40	11480	274	149
40	11480	274	394
40	11480	274	62
40	11480	274	239
40	11480	274	386
40	11480	274	645
40	11480	274	586
40	11480	274	579
40	11480	274	381
40	11480	274	216
40	11480	274	258
40	11480	274	382
40	11480	274	5
40	11480	274	676
40	11480	274	10
40	11480	274	345
40	11480	274	342
40	11480	274	162
40	11480	274	55
40	11480	274	264
40	11480	274	306
40	11480	274	184
40	11480	274	390
40	11480	274	486
40	11480	274	121
11	11280	24	26
11	11280	24	13
11	11280	24	274
11	11280	24	134
11	11280	24	32
11	11280	24	429
11	11280	24	144
11	11280	24	366
11	11280	24	418
23	11380	124	11
23	11380	124	106
23	11380	124	15
23	11380	124	96
23	11380	124	82
23	11380	124	638
23	11380	124	499
23	11380	124	32
23	11380	124	238
23	11380	124	122
23	11380	124	58
23	11380	124	174
23	11380	124	677
23	11380	124	206
23	11380	124	145
23	11380	124	156
23	11380	124	73
39	11480	224	123
39	11480	224	38
39	11480	224	5
39	11480	224	4
39	11480	224	615
39	11480	224	342
39	11480	224	663
39	11480	224	536
39	11480	224	584
39	11480	224	368
39	11480	224	404
39	11480	224	356
39	11480	224	385
39	11480	224	184
39	11480	224	333
39	11480	224	187
39	11480	224	147
39	11480	224	220
39	11480	224	280
39	11480	224	413
39	11480	224	462
39	11480	224	55
39	11480	224	383
39	11480	224	129
39	11480	224	585
39	11480	224	115
39	11480	224	128
39	11480	224	720
39	11480	224	256
39	11480	224	334
39	11480	224	98
39	11480	224	623
39	11480	224	157
39	11480	224	121
39	11480	224	541
39	11480	224	311
39	11480	224	21
39	11480	224	556
39	11480	224	482
39	11480	224	3
39	11480	224	169
39	11480	224	463
39	11480	224	497
39	11480	224	1
39	11480	224	245
39	11480	224	425
39	11480	224	35
39	11480	224	648
39	11480	224	114
39	11480	224	451
39	11480	224	81
39	11480	224	393
39	11480	224	718
39	11480	224	277
39	11480	224	18
39	11480	224	253
39	11480	224	596
39	11480	224	143
39	11480	224	523
39	11480	224	6
39	11480	224	255
39	11480	224	617
39	11480	224	410
39	11480	224	298
39	11480	224	257
39	11480	224	490
39	11480	224	422
39	11480	224	271
39	11480	224	440
39	11480	224	547
39	11480	224	554
39	11480	224	435
39	11480	224	694
39	11480	224	33
39	11480	224	301
21	11330	74	148
21	11330	74	40
21	11330	74	32
21	11330	74	13
21	11330	74	537
21	11330	74	15
21	11330	74	423
21	11330	74	122
31	11430	174	77
31	11430	174	4
31	11430	174	151
31	11430	174	267
31	11430	174	371
31	11430	174	232
31	11430	174	629
31	11430	174	534
31	11430	174	8
31	11430	174	557
31	11430	174	89
31	11430	174	472
31	11430	174	309
31	11430	174	161
31	11430	174	1
31	11430	174	476
31	11430	174	177
31	11430	174	714
31	11430	174	115
31	11430	174	640
31	11430	174	501
31	11430	174	58
31	11430	174	716
31	11430	174	11
31	11430	174	57
31	11430	174	243
31	11430	174	244
31	11430	174	489
31	11430	174	343
31	11430	174	299
31	11430	174	28
31	11430	174	20
31	11430	174	279
31	11430	174	12
16	11330	24	13
16	11330	24	32
16	11330	24	289
28	11380	74	122
28	11380	74	32
28	11380	74	145
28	11380	74	156
28	11380	74	699
28	11380	74	73
28	11380	74	174
28	11380	74	13
28	11380	74	150
30	11430	124	11
30	11430	124	58
30	11430	124	206
30	11430	124	85
30	11430	124	8
30	11430	124	57
30	11430	124	82
30	11430	124	631
30	11430	124	28
30	11430	124	174
30	11430	124	29
30	11430	124	279
30	11430	124	290
30	11430	124	692
30	11430	124	83
30	11430	124	285
30	11430	124	71
38	11480	174	115
38	11480	174	1
38	11480	174	177
38	11480	174	706
38	11480	174	691
38	11480	174	355
38	11480	174	454
38	11480	174	299
38	11480	174	114
38	11480	174	194
38	11480	174	81
38	11480	174	20
38	11480	174	6
38	11480	174	54
38	11480	174	28
38	11480	174	129
38	11480	174	130
38	11480	174	21
38	11480	174	12
38	11480	174	403
38	11480	174	287
38	11480	174	470
38	11480	174	79
38	11480	174	679
38	11480	174	249
38	11480	174	554
38	11480	174	315
38	11480	174	379
38	11480	174	551
38	11480	174	502
38	11480	174	61
38	11480	174	412
45	11530	224	3
45	11530	224	648
45	11530	224	374
45	11530	224	18
45	11530	224	277
45	11530	224	33
45	11530	224	436
45	11530	224	143
45	11530	224	435
45	11530	224	710
45	11530	224	21
45	11530	224	301
45	11530	224	683
45	11530	224	146
45	11530	224	361
45	11530	224	528
45	11530	224	49
45	11530	224	203
45	11530	224	273
45	11530	224	218
45	11530	224	225
45	11530	224	69
45	11530	224	609
45	11530	224	649
45	11530	224	112
45	11530	224	684
45	11530	224	208
45	11530	224	558
45	11530	224	324
22	11380	24	13
22	11380	24	32
22	11380	24	150
22	11380	24	73
22	11380	24	75
22	11380	24	641
22	11380	24	254
22	11380	24	525
37	11480	124	28
37	11480	124	11
37	11480	124	12
37	11480	124	285
37	11480	124	61
37	11480	124	398
37	11480	124	320
37	11480	124	71
37	11480	124	84
37	11480	124	83
37	11480	124	126
37	11480	124	210
37	11480	124	627
37	11480	124	597
37	11480	124	321
37	11480	124	438
37	11480	124	139
35	11430	74	174
35	11430	74	73
35	11430	74	82
35	11430	74	237
35	11430	74	11
35	11430	74	83
35	11430	74	574
35	11430	74	71
35	11430	74	150
35	11430	74	137
35	11430	74	681
44	11530	174	21
44	11530	174	79
44	11530	174	6
44	11530	174	69
44	11530	174	208
44	11530	174	555
44	11530	174	130
44	11530	174	461
44	11530	174	324
44	11530	174	28
44	11530	174	531
44	11530	174	581
44	11530	174	181
44	11530	174	494
44	11530	174	47
44	11530	174	508
44	11530	174	7
44	11530	174	559
44	11530	174	357
44	11530	174	119
44	11530	174	664
44	11530	174	337
44	11530	174	63
44	11530	174	205
44	11530	174	135
44	11530	174	103
44	11530	174	192
44	11530	174	221
44	11530	174	674
44	11530	174	656
44	11530	174	704
44	11530	174	71
44	11530	174	562
44	11530	174	166
29	11430	24	150
29	11430	24	73
29	11430	24	593
29	11430	24	359
29	11430	24	717
29	11430	24	473
29	11430	24	705
29	11430	24	75
29	11430	24	237
29	11430	24	254
29	11430	24	185
29	11430	24	100
29	11430	24	561
29	11430	24	416
29	11430	24	445
29	11430	24	443
29	11430	24	45
29	11430	24	657
29	11430	24	293
29	11430	24	358
29	11430	24	65
29	11430	24	314
29	11430	24	252
29	11430	24	204
41	11480	74	71
41	11480	74	83
41	11480	74	507
41	11480	74	331
41	11480	74	237
41	11480	74	321
41	11480	74	137
41	11480	74	73
41	11480	74	139
41	11480	74	438
41	11480	74	75
41	11480	74	65
41	11480	74	475
43	11530	124	28
43	11530	124	126
43	11530	124	71
43	11530	124	139
43	11530	124	550
43	11530	124	47
43	11530	124	91
43	11530	124	7
43	11530	124	166
43	11530	124	52
49	11580	174	119
49	11580	174	7
49	11580	174	674
49	11580	174	221
49	11580	174	295
49	11580	174	192
49	11580	174	498
49	11580	174	166
49	11580	174	165
49	11580	174	420
49	11580	174	639
49	11580	174	671
49	11580	174	621
49	11580	174	71
49	11580	174	17
36	11480	24	73
36	11480	24	237
36	11480	24	75
36	11480	24	65
36	11480	24	307
36	11480	24	475
36	11480	24	308
36	11480	24	180
36	11480	24	56
36	11480	24	665
36	11480	24	565
36	11480	24	680
36	11480	24	338
36	11480	24	500
36	11480	24	427
48	11580	124	47
48	11580	124	7
48	11580	124	166
48	11580	124	420
48	11580	124	527
48	11580	124	71
48	11580	124	620
48	11580	124	39
48	11580	124	670
48	11580	124	571
48	11580	124	111
48	11580	124	17
48	11580	124	52
48	11580	124	228
48	11580	124	241
48	11580	124	709
48	11580	124	542
48	11580	124	323
48	11580	124	348
48	11580	124	229
46	11530	74	71
46	11530	74	139
46	11530	74	65
46	11530	74	52
46	11530	74	475
46	11530	74	242
46	11530	74	140
46	11530	74	229
46	11530	74	154
42	11530	24	475
42	11530	24	65
42	11530	24	56
42	11530	24	19
42	11530	24	71
42	11530	24	427
42	11530	24	154
42	11530	24	339
42	11530	24	530
42	11530	24	291
42	11530	24	265
42	11530	24	142
50	11580	74	71
50	11580	74	52
50	11580	74	140
50	11580	74	229
50	11580	74	475
50	11580	74	56
50	11580	74	546
52	11630	124	71
52	11630	124	17
52	11630	124	643
52	11630	124	41
52	11630	124	229
52	11630	124	636
52	11630	124	173
52	11630	124	474
47	11580	24	154
47	11580	24	475
47	11580	24	229
47	11580	24	668
47	11580	24	261
47	11580	24	56
47	11580	24	142
47	11580	24	546
47	11580	24	450
47	11580	24	478
47	11580	24	74
47	11580	24	67
47	11580	24	336
47	11580	24	480
47	11580	24	78
47	11580	24	630
47	11580	24	577
47	11580	24	124
47	11580	24	400
47	11580	24	219
47	11580	24	484
53	11630	74	229
53	11630	74	71
53	11630	74	41
53	11630	74	56
53	11630	74	173
53	11630	74	195
53	11630	74	546
53	11630	74	292
53	11630	74	327
53	11630	74	124
51	11630	24	546
51	11630	24	56
51	11630	24	124
51	11630	24	41
51	11630	24	247
51	11630	24	319
51	11630	24	388
51	11630	24	354
51	11630	24	402
51	11630	24	24
51	11630	24	693
51	11630	24	384
51	11630	24	690
51	11630	24	516
55	11680	74	41
55	11680	74	327
55	11680	74	509
55	11680	74	124
55	11680	74	483
55	11680	74	24
54	11680	24	124
54	11680	24	41
54	11680	24	24
54	11680	24	37
54	11680	24	375
54	11680	24	506
54	11680	24	408
54	11680	24	362
54	11680	24	449
54	11680	24	452
54	11680	24	575
54	11680	24	153
54	11680	24	700
54	11680	24	603
54	11680	24	589
54	11680	24	168
54	11680	24	522
54	11680	24	464
56	11730	24	24
56	11730	24	522
56	11730	24	464
56	11730	24	113
56	11730	24	352
56	11730	24	532
56	11730	24	378
